"";"user_id";"status_id";"screen_name";"text";"favorite_count";"retweet_count"
"1";NA;NA;NA;NA;NA;NA
"2";"4919199034";"1574698886467407873";"jl_massey";"We've had a few places become available for this afternoon's sold-out seminar @ Manchester Hall

Hear from a panel‚Ä¶ https://t.co/aBcCYxNRE3";"0";"2"
"3";"74394608";"1568247113926033408";"AndrewMulvenna";"First names of the last four finance ministers‚Äî
France: Bruno, Michel, Pierre, Fran√ßois
Germany: Christian, Olaf, P‚Ä¶ https://t.co/1L8idGmeuB";"0";"534"
"4";"2585270977";"1570753631909216257";"Creadev_Lab";"We now have announced all our new schools for the 2023 academic year. üôå 

Western Cape:
üè´ SPARK Blue Downs Primary‚Ä¶ https://t.co/9E3J7utNbH";"0";"5"
"5";"1122211537421312000";"1564696468002426886";"RicardoMQB";"@arcanopartners se posiciona entre las #top10 gestoras a nivel global en el reconocido ranking @HECParis-@DowJones‚Ä¶ https://t.co/6ehcfNXdAo";"0";"2"
"6";"39554930";"1558001147063017472";"ben_alon";"All of this happened in China this week. A thread. 1/10";"0";"560"
"7";"1369124601092046848";"1566765415270940673";"PartnerLeaders";"Partner Managers are individual contributors who support a company‚Äôs partnership efforts.
Explore everything you ne‚Ä¶ https://t.co/AHeZjcJhRx";"2";"0"
"8";"130983950";"1467805795483996164";"kayahnsel";"@KuehniKev @Karl_Lauterbach ‚ù§Ô∏èüíöüíõ
Beste Personalentscheidung 2021.
#Lauterbach";"1";"0"
"9";"1343140061387214848";"1570056685737099264";"JohnAtweets_";"What a incredible photo of Queen Elizabeth II coffin arriving at Buckingham Palace. https://t.co/mmafAQHIgp";"0";"150"
"10";"2665453916";"1574500841284943886";"silverpeakib";"Daily Crunch: London-based spatial computing startup Hadean closes $30 million Series A https://t.co/Uerv3s9i4Q";"0";"0"
"11";"1571068567";"1574724902891843585";"tech_eu";"London-based asset management platform Fasanara Capital has announced closing of $350 million VC fund dedicated to‚Ä¶ https://t.co/YQ6soSirnP";"1";"0"
"12";"340961212";"1539329885776273408";"natalaz";"Hace m√°s de 10 a√±os que Alejandro Furas salva la vida de los automovilistas de la regi√≥n, al frente del equipo de‚Ä¶ https://t.co/SEBIq8h39g";"0";"37"
"13";"1002585089623109632";"1439406373339553795";"yangchuanbin1";"young scooter https://t.co/kDUfcOWFfA";"0";"0"
"14";"2207959264";"1413195082656849921";"markusbiesinger";"A new global index of #VC and #PE investor attractiveness finds the #USA again topping the list, with #China,‚Ä¶ https://t.co/HQxbYk6chq";"0";"2"
"15";"831150009999622144";"1572526516688539650";"MotionMiner";"Mail-Eric Finger √ºber #Operational #Excellence bei FIEGE - 
#Warehouse #optimization in Zeiten von Fachkr√§ftemangel‚Ä¶ https://t.co/M6qUhYIYjr";"1";"0"
"16";"112393558";"1570331444769353740";"Ventech_VC";"üî•Ventech at #TechBBQ2022! Pin us in the comments for meetings with our investment team. #TechBBQX #scaleup  #nordic‚Ä¶ https://t.co/cqvcQKKmgt";"3";"0"
"17";"1042396548452311040";"1525411623384539138";"HSMILTD";"https://t.co/MGru6zvWz6 supports @TheGestor 

@TheGestor  is an app for Accounting in the cloud for freelancers and‚Ä¶ https://t.co/mbWrtSGmmL";"0";"3"
"18";"26704563";"1574158737572790272";"dklompsma";"Quickly signing off for 2 days for the holiday of Rosh HaShanah. 
Wishing everyone a sweet and good new year and fo‚Ä¶ https://t.co/C6QPOCd71D";"0";"0"
"19";"37888758";"1574607765661749249";"fraunhofervc";"Was sind die Erfolgsfaktoren f√ºr Forschungskooperationen?

Hierzu gibt es Ergebnisse @DZHW_info bei #Fokustransfer‚Ä¶ https://t.co/PKSiqPH043";"0";"3"
"20";"3243044645";"1573024250323259392";"Quantonation";"Our latest @PhysRevApplied paper is featured on @newscientist ü•≥ü•≥. Thank you so much @Ironmely for the amazing artic‚Ä¶ https://t.co/sT7Kq2usOB";"0";"8"
"21";"1271018240630759424";"1351483547895345154";"PEBullseye";"In the 1800s, each phone needs its own wire #techprogress https://t.co/pGZeIL3M8P";"0";"0"
"22";"745441200845500416";"1569674480447807489";"KoblerHans";"I‚Äôm excited to expand our expertise into Europe, allowing @EnergyImpact_ to further our push in helping to build a‚Ä¶ https://t.co/s1U4WwHeby";"3";"2"
"23";"745248208092303360";"1574463998778638336";"EnergyImpact_";"Read this insightful interview with our CTO, Erik √Ösberg on our fruitful partnership with Microsoft that has been c‚Ä¶ https://t.co/HnoEyNgf5W";"0";"2"
"24";"4611902653";"1574303393593839616";"mohit4success";"Without Planning this will happen to any mobile #app? üëáüèª üò∞

üò±     An app would lose approximately 77% of its users‚Ä¶ https://t.co/061KPOHvve";"0";"0"
"25";"2218847930";"1574089341307330560";"IHemangp";"What‚Äôs that one movie that‚Äôs moved you so much to never let you forget it. If you haven't seen Bandini, you've miss‚Ä¶ https://t.co/2x332guAue";"0";"5"
"26";"717587272";"1572343672489877506";"Fruit_M10";"Elon Musk came from a family that owned an emerald mine in Apartheid South Africa.

Bill Gates‚Äô mom helped Microsof‚Ä¶ https://t.co/WEAyvaVREY";"0";"12397"
"27";"826552548941295616";"1566057131115253761";"d_keiperknorr";"It seems like the VC ""crowd"" is often very good at signalling what become short-term markups, but not so good at pi‚Ä¶ https://t.co/VVEEceZ7PP";"0";"9"
"28";"465632580";"1545818549645631489";"HenningBrosDad";"I have just lost my wedding ring - in Buxton Derbyshire - just after giving a talk this afternoon - dropped I think‚Ä¶ https://t.co/Ejy8nszns1";"0";"18656"
"29";"4427972598";"1574703422879764480";"kurtlohmann";"Here's How Much You Can Really Make From Affiliate Marketing via @ahrefs https://t.co/Cw5rpBehxh";"0";"0"
"30";"1218235176";"1573589821024509953";"PennySchiffer";"In the past week, I've spoken with partners at 18 Silicon Valley VCs about what they're seeing in the market three‚Ä¶ https://t.co/iOFFsXYnC6";"0";"78"
"31";"132654806";"1574149478604480517";"MVillarrica81";"@Laura_cruzd Eso de centro-derecha...";"1";"0"
"32";"2864129695";"1574446210810642442";"andrehunter_";"Nuevo podcast con Sergio Garc√≠a üéôÔ∏è

- Qui√©n es @esdotge?
- Los inicios de @wearefloc 
- ¬øQu√© es una web3 brand?
- C‚Ä¶ https://t.co/9vWEF4cmOG";"0";"2"
"33";"106531774";"1574484387306958849";"aguitart";"""The more seriously you take yourself, the unhappier you‚Äôre going to be.""

@naval";"0";"259"
"34";"380944891";"1574666838856052736";"JavierdeTorov";"Aprende a invertir ¬°De verdad! 6 d√≠as con los mejores #BusinessAngels de #Espa√±a en #EDEM:

@Pepeomb @JavierdeTorov‚Ä¶ https://t.co/X77hLxRyQq";"0";"6"
"35";"300876212";"300876212";"Joserfarre";NA;NA;NA
"36";"520575293";"1503740279530131457";"gcondetrugeda";"we're giving away a Doodles NFT

follow @shopify + @doodles and RT this tweet for a chance to own this üëá https://t.co/FK8u2gAzPh";"0";"39143"
"37";"254161090";"1571104721854930952";"_javigon";"So NFT trading (other than Sorare, which makes a ton of sense) is basically over? 

Until AIs decide to trade diffu‚Ä¶ https://t.co/M8OuUo4Lds";"0";"1"
"38";"247867091";"1259053078671773696";"mobilereality";"La acci√≥n del @grupomasmovil - la acci√≥n con mayor nivel de recomendaci√≥n de compra del IBEX-35 https://t.co/9w2gsBGp43";"0";"11"
"39";"1179571142824267776";"1183895608345665537";"XinyinZhang2";"@WikiChip";"0";"0"
"40";"4256000321";"1574721238416719878";"SaaStock";"Step into SaaStock 2022, the land of opportunity... get your ticket today! https://t.co/SmjPAyr3tH

#opportunity‚Ä¶ https://t.co/wmCmormHxT";"0";"0"
"41";"281546383";"1574708147419336707";"Agorapulse";"SEO (search engine optimisation) gets your business in front of potential customers. But how do you get your social‚Ä¶ https://t.co/hEIRwGfZD5";"0";"1"
"42";"1169653798991740928";"1569743846229016580";"monamueller_muc";"Bam! Thanks for letting us be a part of this amazing journey! üôèüëè Sphera Signs Agreement to Acquire riskmethods, a L‚Ä¶ https://t.co/LLXR3YzcIu";"0";"1"
"43";"1143568785057701888";"1555127123630870530";"startupdetect";"#WeeklyUpdate Startup-Woche 30-2022:

üöÄ 35 neue #Startups
üå∑ 12% #FemaleFounders
üí∏ 45 Startups mit frischem‚Ä¶ https://t.co/ByhHmymRC7";"3";"0"
"44";"351598832";"1573327581285425152";"ETRnews";"This #ETRInsights interview features a European IT executive who sees both Amazon AWS and Microsoft Azure as well-p‚Ä¶ https://t.co/83e26sczUY";"4";"1"
"45";"887762973044998144";"1566311696255287298";"Blatestew";"@_austrian There was no ‚Äòmissing luggage report‚Äô, we filled in a self service computer form thing and the form you‚Ä¶ https://t.co/RCMDlKPMMM";"0";"0"
"46";"1153293525611663360";"1522530746149261314";"JoltCapital";"Global health problems like #asbestos-related diseases will need #deeptech, on top of awareness and regulation. Fro‚Ä¶ https://t.co/1N7mgyk4i1";"0";"0"
"47";"541829780";"1573354148640468992";"CourtneyGlymph";"Grotesque. ‚ÄúIf you care about the poor‚Äù. We‚Äôre living in hell. And people keep voting for this government. Help us‚Ä¶ https://t.co/IBPqxGMoTU";"1";"0"
"48";"36671170";"1552710349962592259";"franontherocks";"@julioariascam @oscar_ramos @SOSV @FreakShreek Guys, you two should hop on a train and come to Malaga! Dinner is on me üòâ";"2";"0"
"49";"17282322";"1574441805885620225";"alexduran";"1/ Last week, the CFTC caught the DAO world by surprise. The action against Ooki DAO has raised questions about lia‚Ä¶ https://t.co/IzU8T8niD0";"0";"9"
"50";"188758205";"1511817559900921865";"joguima1";"Ayer estrenamos el #MarvelUnitedXmen y probamos el core, todos sus heroes y 3 de los 4 villanos. Que divertido es j‚Ä¶ https://t.co/e8H1Atdf4O";"0";"1"
"51";"165008542";"1385124503223783424";"alexbrandmuc";"Cipio Partners invests in La Ruche Qui Dit Oui !

Munich/Luxembourg ‚Äì April 21, 2021 ‚Äì Cipio Partners invests in ¬´‚Ä¶ https://t.co/C5OkIv1lqn";"0";"0"
"52";"2328908635";"1509262715935670274";"JoeKrancki";"@matthewclifford What you @matthewclifford and @Alicebentinck have achieved with @join_ef  is truly amazing! It‚Äôs b‚Ä¶ https://t.co/lsxYkXuHkF";"1";"0"
"53";"1108005562774638592";"1396511739265564674";"bomisadvisory";"#HigherPower #highereducation #standard #experience https://t.co/kZj5QgJ87d";"0";"0"
"54";"418300664";"154532474469363712";"VidaBungard";"une oie,un chat,grand choix d'animaux en fer rouill√© √©vident Jardindeco d√©core votre jardin! http://t.co/UjsJ9s2B";"0";"20"
"55";"27062033";"1355304024090750984";"NatashaBinar";"I guess everyone is doing the same as me and buying ¬£1 daffodils every single week just to get through every 7 days‚Ä¶ https://t.co/fwxx6ur9U5";"0";"1"
"56";"1055772106632454144";"1573275811506946048";"MekouarRajaa";"LPs may skip commitments over big jumps in fund size, strategy expansions: survey | Buyouts https://t.co/U9WmB15OuG";"0";"0"
"57";"2496222109";"1048520698443059201";"charfeddineria1";"@Shankerghosh c est tr√®s facile pour un gouvernement d avoir de l argents , il suffit de trouver le chemin correcte‚Ä¶ https://t.co/aOAEdOkowI";"0";"0"
"58";"733690017831346176";"733690017831346176";"pydroenergy";NA;NA;NA
"59";"51064357";"1077660122753785856";"stefanrech";"Congratulations to Alain Kinsch, our Country Managing Partner, EY Luxembourg, ranked #2 in the Paperjam Top 100 - t‚Ä¶ https://t.co/VGzTJN07AE";"0";"1"
"60";"790535532124237824";"1574307870526832646";"StyleIntel53";"Do you agree with our readers? Are our #FREE robotics, warehouse automation &amp; retail tech reports this good? https://t.co/quZZM4I6zn";"0";"0"
"61";"4855652729";"1296467779009286150";"Mrgavinmedia";"Uhhhhghbhhnbttttttttyyuuyyygyyyyygguuuuuuuuuuuyyyx%%%%&gt;%%^^**+++===+++%#%%%";"0";"0"
"62";"2204283290";"1291804996493811714";"DrSjahrial";". https://t.co/GTqWVZbkcM";"0";"0"
"63";"6176772";"1574494959847325703";"ammr";"@Rashid_Alkuwari ŸÑÿß ÿ™ÿπŸÑŸÖ ÿßÿ≠ÿØ";"0";"0"
"64";"1849189831";"1348916971237220353";"DennisAhrling";"@TencentGlobal leads ‚Ç¨69m @ClarkGermany investment.

We @Germanmediapool are very proud to be given the opportunity‚Ä¶ https://t.co/77qWs9mDl8";"0";"1"
"65";"964529367983550464";"1572517409294282759";"germanmediapool";". @Envoyers_  tech gives great content the reach it deserves! Very happy to announce our latest @germanmediapool in‚Ä¶ https://t.co/31wOmW1yC0";"1";"0"
"66";"187186395";"187186395";"PillaudA";NA;NA;NA
"67";"1037382670035169280";"1071898125034549248";"Paul_Lopez_Roux";"Beaucoup de v√©rit√©s dans cette analyse d'@OlivierBabeau";"2";"0"
"68";"33521101";"1490694653770874883";"UnquoteNews";"European #PrivateEquity GPs raised EUR 4.1bn across 17 first and final closes in 2021 for vehicles focusing on‚Ä¶ https://t.co/UME9IUAP0x";"0";"1"
"69";"828223531448205312";"1026227269285625856";"galmato";"We dont understand free plans

Everyone works for money - so why shouldn't we?

But there is always a place for dis‚Ä¶ https://t.co/IhnJMnY03c";"13";"0"
"70";"851083914496143360";"1565306261717000194";"SimonMathVC";"deskbird raises $5 million to accelerate growth across Europe https://t.co/4USP202K9c #deskbird via @deskbird Congr‚Ä¶ https://t.co/rS1aVh59Fv";"0";"2"
"71";"39619667";"1573666047563030528";"jesusizdo";"Hace 6 a√±os gracias a una charla sobre ciberacoso que dio la guardia civil en el colegio, mi hija rompi√≥ el silenci‚Ä¶ https://t.co/Gr1Q9MY2kd";"0";"15168"
"72";"2355027763";"1394273973358239753";"KreosCapital";"Leading SaaS provider, @poqcommerce, is first native mobile app platform to be certified by best-of-breed technolog‚Ä¶ https://t.co/R5nYgyEnnr";"0";"0"
"73";"3377832177";"1123927103836237824";"natashabdinneen";"More and more sellers are including financial buyers in the mix alongside strategic buyers: they can bring consider‚Ä¶ https://t.co/UP8UnoRvwK";"0";"4"
"74";"636474009";"1574455488791678976";"YannickBoog";"Im th√ºringischen Ruhla kamen am Wochenende knapp 100 Rechtsextreme zum konspirativ organisierten Jahreskongress der‚Ä¶ https://t.co/7rNT5Kf8yu";"0";"28"
"75";"2416439616";"1464150793616044032";"danmarek69";"It is easy to feel trapped by your ‚ÄòZone of Competence‚Äô: things you are good at doing, but do not love. 

I spent 1‚Ä¶ https://t.co/IOODtoKcUx";"0";"174"
"76";"4891550284";"1566334700532137984";"Voxist";"@picaboubx @geckaude Merci pour votre recommandation ! En effet SFR fait partie des op√©rateurs dont la messagerie l‚Ä¶ https://t.co/YvswwRtka3";"1";"0"
"77";"809029609970864128";"1396854792912257032";"hydrastrategy";"We are pleased to announce Financial Services Capital's investment in independent consumer finance specialist Ufasa‚Ä¶ https://t.co/e8F2o6eBKF";"0";"3"
"78";"43519472";"1386681454424252416";"defrajac";"@OCSheriff Nice, done soo many times in the lab. But I never had such nice machines, now it seems a lot easier and faster procedure.";"2";"0"
"79";"717791497958064128";"1015308561348464640";"Elekunkel";"Download our latest white paper on global expansion! https://t.co/HnnPuWYVcs https://t.co/yX7Xjtp2At";"0";"2"
"80";"17536486";"1573703858152706050";"rogerhamilton";"‚ÄçüéìThank you @LDNdailynews for sharing the article on ""Why education systems must embed entrepreneurship in their cu‚Ä¶ https://t.co/RVIQzDwTSM";"0";"2"
"81";"3170092055";"1485653360673964036";"IpemMarket";"The new dates for #IPEM2022: September 20/21/22 in Cannes! Get ready to connect with 4000+ delegates from 50 countr‚Ä¶ https://t.co/I5DxIHb1YK";"22";"4"
"82";"34577597";"1572622489703825412";"svalorge";"#Clipperton acted as sole financial advisor to Reporting 21 (formerly Sirsa) on its sale to @CoritySoftware, a port‚Ä¶ https://t.co/mNwUW09Nec";"0";"1"
"83";"343302256";"343302256";"mgruna1";NA;NA;NA
"84";"524314253";"1459134266059669585";"tobengtsson";"Northvolt produces first fully recycled battery cell ‚Äì looks towards establishing a 125,000 ton/year giga recycling‚Ä¶ https://t.co/7EJDWHK5De";"0";"35"
"85";"591862258";"1573274169571164163";"mszepien";"@thdxr @Neovim Starting to get a itch to build this: one-click environment with neovim+tmux and all user configurat‚Ä¶ https://t.co/JGZoUw4TjV";"0";"0"
"86";"436511315";"1574648840459788288";"jdesaalves";"Iran¬†: apr√®s la mort de Mahsa Amini, les visages des manifestantes tu√©es s‚Äôaffichent sur les r√©seaux sociaux ‚Äì via‚Ä¶ https://t.co/u8FxoQDdXa";"0";"0"
"87";"485742231";"1253968088950804481";"Ramon_Brandt";"Usually inexperienced founders err too much on the side of paranoia. About keeping their idea secret for example. B‚Ä¶ https://t.co/H5gcJgFcVh";"0";"132"
"88";"151201829";"1574130020326350848";"dweinblatt";"The people who are nice to you aren‚Äôt always being kind to you.

Saying what you want to hear is nice. People sugar‚Ä¶ https://t.co/4SwLAQMrAP";"0";"1629"
"89";"3309095068";"1568149793137901570";"DBVentureNet";"üìÖ How can investors access pre-#IPO stocks today? What trends are driving the need for liquidity by #unicorn compan‚Ä¶ https://t.co/gcZ5VmdU8i";"1";"0"
"90";"861597556639485952";"975420448166105089";"RisikoM";"Bilanzgarantien unter Ber√ºcksichtigung aktueller Rechtssprechung verst√§ndlich erkl√§rt von Dr. Rodorff. Zudem Anmeld‚Ä¶ https://t.co/duB6VF6jIb";"1";"1"
"91";"838042778563149824";"1280506964682969104";"VitoOneVC";"Wie sieht die Zukunft der Mobilit√§t aus? Wie hat sein Unternehmen auf #Corona reagiert - und was hat es aus der Kri‚Ä¶ https://t.co/fz8TuXzfq0";"0";"1"
"92";"492626331";"1015113973748916224";"Jo_vonBorries";"Gl√ºckwunsch den Gewinnern des #3rdBMVIPitch !! @BlickfeldGmbH #carrypicker @vialytics https://t.co/5LsEPrSHZ5";"0";"4"
"93";"14290383";"1572565354781765632";"mobiliser";"We're super happy to announce that we have published 75 videos recorded at Ecosummit Berlin 2022 on Youtube:‚Ä¶ https://t.co/eM6uDZFgey";"0";"2"
"94";"214067697";"1574304666749472768";"ecosummit";"Our founder &amp; CEO Thomas Koller pitches #enersis at @ecosummit Berlin 23-24 June 2022. As a #climatetech we operate‚Ä¶ https://t.co/oC0pCVG8jC";"0";"1"
"95";"828679308";"1230578021628817415";"P_S_G1";"A planning application has been submitted for vertical launch site @SpaceSutherland! The latest generation of small‚Ä¶ https://t.co/2COAk6bami";"0";"54"
"96";"846039623977615360";"1572935803193401344";"dmncwlhlm";"An honor and a real pleasure @rogerfederer üôåüèª https://t.co/HMVnl1Iu9b";"0";"12063"
"97";"3343767581";"907863783665815552";"ApolyDE";"++NEU++ heute auf der #expopharm mit PSS und neuem Verkaufsautomaten f√ºr 24/7 Onlineeinkauf unterwegs. Kommt vorbei‚Ä¶ https://t.co/aLaXlE4ba4";"2";"1"
"98";"3021208197";"1376831910371004416";"Fieldscale_com";"How to design and connect a touch sensor to a controller of the STM32 series.

https://t.co/0rksr7tbHD

@ST_World‚Ä¶ https://t.co/9Ryf0LA7Kl";"1";"1"
"99";"770994634818461696";"1544648459118157827";"MCollinsEU";"We won! #WorthyOfRespect  https://t.co/NH7VlgNyWI";"0";"3689"
"100";"74720685";"1574311063558000642";"embedded_world";"The electronics industry is one of the fastest-moving sectors of our time.
New products &amp; services need to be devel‚Ä¶ https://t.co/LmkpgLjCYB";"2";"0"
"101";"801406475209949184";"872768795689054208";"ArkesdenInterim";"Interesting article
https://t.co/EdCdzvdx9Y";"6";"2"
"102";"125977323";"1562418971348959233";"Domingues_David";"L‚ÄôOCDE a publi√© le mois dernier une int√©ressante √©tude sur le niveau de connaissances du changement climatique dans‚Ä¶ https://t.co/NGmxl9WnCB";"0";"1127"
"103";"805812169426112512";"1519506880179015681";"eftexenergy";"Hi! I'm attending District 56 Toastmasters | 2022 Spring Conference. Let's start connecting with each other now.‚Ä¶ https://t.co/uVXq4KKAd6";"2";"0"
"104";"40501528";"1574391462976012288";"Matthew_Cheung_";"I'm at @ImperialCollege tomorrow and excited to speak to lots of ambitious students!

We'll be at the Royal Docks S‚Ä¶ https://t.co/HVoOjgRKuK";"1";"0"
"105";"3245755933";"941315909142089728";"szatkowskipawel";"Wiƒôcej info znajdziecie tutaj: https://t.co/gIKAWQdk3Z https://t.co/sj2Hhs70Hy";"2";"1"
"106";"1612563913";"1573333165095243776";"insight_intell";"Episode 12 of the Transforming Insight podcast is now available! In this episode James and Emma discuss the ways in‚Ä¶ https://t.co/qlivlGnGpX";"0";"1"
"107";"697522301642919936";"1574478136888111104";"Prosus_Ventures";"#ebike use is on the #rise. @Dott weights in on #Europe car free days. #transportation #urban #bikes #sustainable‚Ä¶ https://t.co/zTlyle8XFN";"1";"0"
"108";"415687125";"1567102953974108165";"PGequity";"Great to complete our second investment in Northern Ireland - looking forward to working with the team at APS

Find‚Ä¶ https://t.co/nk12GAxGcD";"1";"0"
"109";"2917292386";"1486456262976024579";"peakonteam";"""Where are the important stories where a certain demographic in the organization is not having the same experience‚Ä¶ https://t.co/H8nqmv9cET";"0";"1"
"110";"480277161";"1574412639664427008";"LegacyofGena";"I wish it was 1997 all over again. I‚Äôd have @LisaLoeb playing in my SUV as I‚Äôm driving to some remote place to surf.";"3";"0"
"111";"787955508510679040";"787955508510679040";"maxlueddemann";NA;NA;NA
"112";"777554597648928768";"926131852632559623";"maxitubeglobal";"How to build tomorrow‚Äôs Smart Cities? #smartcities https://t.co/vfHi04otbs";"0";"6"
"113";"4174782075";"1466080884088524805";"netandget";"A Filosof√≠a, Psicolog√≠a, Historias, mi p√≥dcast favorito de 2021: ¬°gracias por acompa√±arme en @Spotify durante todo‚Ä¶ https://t.co/fT1rmCEyIz";"0";"0"
"114";"769341829275869184";"778310132778369024";"stakewire_fund";".@imaginecurve has added ¬£2m to its seed round, bringing its total funding raised to date... https://t.co/XqXWIsEdN9 by @TechCityNews";"0";"1"
"115";"4873664171";"1410174738412998659";"PEWireNews";"Join @AssetMetrix and @PEWireNews at 3pm BST today for their #dataanalytics #webinar!

Tune in to hear about the fu‚Ä¶ https://t.co/05ZE3rvQBY";"2";"0"
"116";"154299725";"829279354698006529";"Regenerco";"Don't be bullied into rising energy costs, Regenerco Power controls your power costs and protects your future https://t.co/YizheVAoPF";"4";"9"
"117";"1710112878";"1255502169001861133";"KlemensHandler";"The three elements that will tell you what a company is ‚Äî and what it should be designed to be. https://t.co/iAic7Qyi39";"0";"12"
"118";"422388777";"1574725717450891264";"nathanbenaich";"@ncsh @bendingspoons @luke10ferrari @adjacent Yum yum! ü•Ñ";"0";"0"
"119";"819033037";"819033037";"OliverSuess";NA;NA;NA
"120";"719492994114666496";"719492994114666496";"patrikb923";NA;NA;NA
"121";"726879446297358336";"814073473370820608";"NotesDiligence";"China Deal Watch 2006-2016- Bloomberg https://t.co/tiLfX0gkP2";"0";"1"
"122";"30960902";"1549421374258782209";"kaiserassoc";"A big thank you to the 9 volunteers from @kaiserassoc  DC office who collected roughly 75 pounds of litter from the‚Ä¶ https://t.co/kKWV3mQsNO";"0";"1"
"123";"2942495049";"1488767032875233283";"leanturnaround";"Just checking in to see how Black America is doing now that Democrats control the house, senate, and White House?‚Ä¶ https://t.co/d9NY9TFN9o";"0";"8974"
"124";"4872344555";"979401242135990272";"AfricaStopOver";"J'ai ajout√© une vid√©o √† une playlist @YouTube¬†- How to plant your Artemisia seeds https://t.co/Z2FZnOmuEo";"6";"0"
"125";"269342684";"1483051819240677379";"mmarinovaEU";"Digital experience #startup @SessionStack raises ‚Ç¨750K in a round led by #BrightCapVentures. #seed #venturecapital‚Ä¶ https://t.co/8Cqi2V6Obj";"1";"0"
"126";"732564362922209280";"1567167507991072769";"alex_kiltz";"@robindchnt @UVC_Partners üëã";"1";"0"
"127";"723060875687419904";"1121024386826477569";"inven_capital";"Please feel free to check @VulogTech's first Insight Report! An interesting analysis about how car-makers can avoid‚Ä¶ https://t.co/oBjPX1OnGh";"6";"1"
"128";"181896221";"1574725257155469312";"AlbionVC";"Path to partner with @wvce_2022 with the incredible @deepalinangia @speedinvest @AscensionGrp @SapphireVC and‚Ä¶ https://t.co/NSNfKMkAwm";"7";"2"
"129";"266512053";"1573239726605230082";"EQ_Corp";"The INVL Renewable Energy Fund I has signed two agreements to acquire six Romanian solar projects with a total capa‚Ä¶ https://t.co/4ilJEjhLIw";"0";"1"
"130";"16406566";"1395343729750315011";"theymightbe";"Entering the $WRITE RACE üí® on @viamirror

sig:0xc1518ba1f5486a22365c996072d8a1f9dec12c5fa797079b3c6504392503c77f664‚Ä¶ https://t.co/EzHLCKJbjU";"10";"0"
"131";"3300458667";"1574688282088452096";"localglobevc";"Read @svennj's thoughts on Dencentralised Science https://t.co/hHwVvTBHIo";"3";"0"
"132";"18976965";"18976965";"olivermarkl";NA;NA;NA
"133";"858385286";"1541931084648030208";"MatthewSNewcomb";"Congrats to incredibly talented Coalition team https://t.co/6Cd4oF6vLE";"3";"0"
"134";"17394881";"17394881";"Image_Optometry";NA;NA;NA
"135";"81776815";"1539385782493884416";"RossMcKenzi";"Most of us know it, are experiencing it, or are deep in the trenches making it happen.

Good to start to contextual‚Ä¶ https://t.co/QvO1nBfIog";"1";"0"
"136";"4809518725";"705876556506341376";"moipehyra19771";"@philou030257 Joli !  on a des trucs aussi : https://t.co/UH0TFn7rDt
:)";"0";"48"
"137";"223552933";"1523967706940071936";"Oppty_Entrepren";"Kevin O‚ÄôLeary says ‚Äòyou‚Äôre actually losing money‚Äô in a bank account ‚Äî do this simple thing with your hard-earned ca‚Ä¶ https://t.co/OYC5xDO6eA";"0";"0"
"138";"257125796";"1514362881353019396";"colemarine";"Centura Health: Building the Hospital of the Future https://t.co/U5tFPsiA5j via @WSJ";"0";"0"
"139";"2260447513";"1570066685000036353";"Four23Info";"Dear @RaiffeisenBanka I have spent 4 months trying to just access our online bank account. My colleagues spent 20 h‚Ä¶ https://t.co/cXRUOPuBxU";"0";"0"
"140";"22828800";"1573802100613603338";"tim_dempsey";"A good example of how markets work. https://t.co/cZ2KHbIZAe";"0";"8461"
"141";"79474071";"1574716749983150080";"cschwoertzig";"VC-A News: European stocks rise as investors hunt bargains https://t.co/3C6DvnEDxK";"0";"0"
"142";"4200726755";"791995861303697408";"ahapete";"Super excited to announce @SystemOneVC - a new pre-seed venture firm out of Berlin - https://t.co/W39Bp3TCgn";"0";"17"
"143";"4126497012";"692888709251727360";"rstarkedgewave";"#McAfee #Email End of Life Issues? https://t.co/VqE3iS2HXX  Click here now for a better option! https://t.co/W35V9585G5";"1";"1"
"144";"953991522";"919013144436944898";"Tomveyi";"Paralys√©, il sort de son fauteuil roulant et court apr√®s un ami la hache √† la main - 11/10/2017 -‚Ä¶https://t.co/NNaAiz1WY6";"4";"3"
"145";"497922963";"1526236600618958852";"RaffyGui";"@TK_HelpDesk Ok sure,but 1) *which email address* then, please? And how long does it take for them to respond? 2) y‚Ä¶ https://t.co/jTEiLiDTAz";"0";"0"
"146";"2867753884";"2867753884";"ahub71";NA;NA;NA
"147";"731853602";"731853602";"SAPStartups";NA;NA;NA
"148";"594719820";"1574730578846425089";"InvestEuropeEU";"New to the #PrivateEquity and #VentureCapital industry? Register for our Introduction to Private Equity course on-d‚Ä¶ https://t.co/FQfOJbDFf6";"0";"0"
"149";"96156193";"1171709968103419905";"DefiniensLife";"Do you want to understand how #artificialintelligence can support #patient profiling in #precisiononcology. Downloa‚Ä¶ https://t.co/Z76WsHTT4A";"1";"0"
"150";"1958333426";"1392832549676752897";"mgr7755";"@PathiThadhagath Hi Mr.Pathi, that was a nice article on haleem.  can you please text the mobile number of Mr.Tajud‚Ä¶ https://t.co/mCF9OiX9Do";"0";"0"
"151";"964614824";"1484650170499444745";"SecondaryLink";"~1/2 of the most sought after VC backed companies on the secondary market are fintech &amp; blockchain related. https://t.co/eE0BicGYRK";"0";"157"
"152";"75097124";"75097124";"Schnepptop";NA;NA;NA
"153";"17359854";"1188611527865057280";"charlisehyatt";"@sfchronicle @mgafni Where are you hearing it‚Äôs been stopped?";"8";"0"
"154";"21002723";"1544063600674873346";"DoWa3";"PGA and DP Tour IMO can not prevent a tradesman from earning a living for their loved ones";"0";"0"
"155";"3080270877";"711905998462648320";"investseriesa";"Any brill UX designers in London? Need to pick your brain in reg to a biz opp https://t.co/6tBYCZkl7Q ping martin@blaomedia.com";"8";"2"
"156";"16484677";"1574640714964779009";"jkrisch";"Exchanges #310: Kann der Onlinehandel Wirtschaftskrise? https://t.co/Vja1CKuLuo";"2";"1"
"157";"3132979880";"631851805723508736";"mino_kn";"Report suggests surge in UK #snack #food market: http://t.co/yCj9ADmGqF @KeyNoteLtd http://t.co/cwiZ7BeL1x";"0";"6"
"158";"875575345";"1483835625451229185";"AcquireAndGrow";"Fantastic upcoming webinar series from @PlexSystems partner @PlanteMoran: Level up your manufacturing and discover‚Ä¶ https://t.co/dsvpHrIgKP";"1";"0"
"159";"2841206241";"696687266832457728";"CGaschin";"@olswang_france partenaire de la Tech M&amp;A Conference de Corum le 16/02 prochain. + d'infos : https://t.co/hFItIab5Tr @CorumGroup #tech #m&amp;a";"1";"0"
"160";"368427042";"368427042";"Pade_RealAssets";NA;NA;NA
"161";"3110275725";"1219650535470616582";"Goldswans";"""New partnerships should leverage capital markets and infrastructure investments in local currencies as a sign of g‚Ä¶ https://t.co/J70tTgYEst";"1";"0"
"162";"423289536";"598827572302979074";"Championqjl";"Batman metal sign http://t.co/r46vvzuxUg #EtsySocial #MetalSign http://t.co/pAvo14Vl6R";"0";"182"
"163";"476002972";"1377626845265412100";"JHallThornton";"I‚Äôm swapping pranks for thanks üëè All you gotta do is tweet #GiveThanksNotPranks. Each tweet = $5 to @DonorsChoose from @TMobile.";"0";"0"
"164";"3072217187";"951768333275336704";"BAITECGMBH";"Achtung! Das #BSI verschickt keine Mails mit Patchen bzgl. #Meltdown und #Spectre (Quelle: https://t.co/bi7D5Bl7yg)";"0";"0"
"165";"35533605";"1440582644614381570";"sramabadran";"@hughhowey Um. Just stay to the right till you need to pass. Or don't drive in Europe please. üòÇ";"0";"0"
"166";"2962684702";"1227572005643411457";"TobiasFLAM";"Smart Meter: Eine PropTech-L√∂sung f√ºr die Energiewende | KIWI -  https://t.co/SjZzV6lN3v";"0";"0"
"167";"862704000";"1172429199329509376";"BeatgridMedia";"@ESOMAR @Coles @LewersResearch Congrats on the well deserved award. The Beatgrid team is very proud of this partner‚Ä¶ https://t.co/kR5ybapkVW";"1";"0"
"168";"43127356";"1574164340269371394";"VerimatrixInc";"CAPTCHA (Completely Automated Public Turing test to tell Computers and Humans Apart) is a standard security measure‚Ä¶ https://t.co/bX4h4K0ql9";"0";"0"
"169";"1914598296";"1351987604561006593";"KirianSMahony";"New WFH set-up with the new #Secretlab chair üëåüèª https://t.co/IbTpHGfYok";"1";"0"
"170";"2446787863";"2446787863";"xczcu";NA;NA;NA
"171";"392334481";"1574409542359711746";"JasminCapital";"Jasmin Capital at Option Finance magazine‚Äôs round table on the subject of ‚ÄúInfrastructure debt: an asset class that‚Ä¶ https://t.co/M4HpEpIAsd";"0";"0"
"172";"36371402";"1569957246368632834";"wir_investieren";"Der Internet Economy Report 2022, eine j√§hrliche Ver√∂ffentlichung von der @IEdotF und @warburgpincus befasst sich m‚Ä¶ https://t.co/7jfK7FSwAC";"3";"3"
"173";"2472273836";"1448337164631162883";"CoopHQ";"@InvestEuropeEU @EIF_EU Very interesting. Is there a way to get a hold of the entire presentation?";"0";"0"
"174";"1618047626";"1521679474022133761";"khalili26";"For Twitter to deserve public trust, it must be politically neutral, which effectively means upsetting the far righ‚Ä¶ https://t.co/kPAlUGZZ52";"0";"146369"
"175";"41564971";"1563179490313850881";"PEI_news";"For a limited time only, save up to 50% on PEI's range of specialist publications &amp; access best practices &amp; thought‚Ä¶ https://t.co/75LBUT7eUy";"1";"0"
"176";"2602933459";"1444950574806470657";"getdoido";"Servus e-CommerceNews NZ! Happy to have you in our doido's family :) Tell me   what task do you want to delegate to‚Ä¶ https://t.co/83LQ8Hlfc9";"0";"0"
"177";"2826951093";"709290766523170816";"kinseystrip";"Good morning üòÉ #Sexysaturday what's everyone up to? https://t.co/FKs3cekWuR";"0";"27"
"178";"46597022";"1336800863629815808";"MarkusCzerner";"I just subscribed to Robin Dechant https://t.co/bnBk5FF19F";"2";"0"
"179";"1005927734";"1208103511180922880";"Avgi_Papa";". @SNCB doit am√©liorer leur service quand il y a les gr√®ves. C'√©tait vraiment un probl√®me hier. J'aimerais √™tre rembours√©.";"0";"0"
"180";"24349934";"1574254361412354053";"Athuemmler";"https://t.co/FRpZHCCCao #stkilianwhisky #stkiliandistillers #judaspriest";"5";"3"
"181";"1495018194";"1274970800907485184";"LauBenams";"De joueur Pro en simple √† sa collaboration avec @ERogerVasselin et @jojomelzer qu'il entra√Æne en double depuis Janv‚Ä¶ https://t.co/WtRGRoHi7p";"0";"1"
"182";"2317020848";"1110536420127592449";"SachaMourain";"Startup Garage cela commence avec: @wilov_fr @Voxe @processout @workelo @avostart @Poi_Network @pinpo_app @WeProov‚Ä¶ https://t.co/qQQpbk9gCd";"0";"8"
"183";"2400325105";"1380417030713528322";"mundhrashubham1";"@JindalPanther @JSPLCorporate @JSPLFoundation All thief Distributors";"0";"0"
"184";"2797961052";"1574721060058312704";"lpea_lux";"üì¢ Are you looking forward to attend our #Insights #Conference focuses on #Fundraising?
üí° Mathieu Perfetti, presents‚Ä¶ https://t.co/7xuJT11zgY";"0";"0"
"185";"859709815";"1542128636081410048";"BeaPiquerDurand";"Quelle honte ce site sncf connect. Pour un service public c'est scandaleux. https://t.co/kzHWkcaXE6";"6";"0"
"186";"306207887";"752805023265001472";"LDA_Jupiter";"We advised @VISEOGroup on its refinancing &amp; capital reorganisation with the support of several financial partners https://t.co/exl0eNPJX8";"4";"3"
"187";"2240996904";"1568205264716791808";"secondariespei";"Friday Letter: around 0.2% of total Chinese RMB PE &amp; VC assets traded on the secondaries market in 2020. Thoughts o‚Ä¶ https://t.co/OJ308Dx0dL";"0";"0"
"188";"334045806";"974779331019984896";"cambridgebi";"Tom Grennan killing it in Bristol #WagamamaBurps https://t.co/7vnlj3dxLb";"3";"1"
"189";"33619688";"1396538675471818752";"jonkus";"üåêDictator #Lukashenko is a threat to international security.

‚úàÔ∏èHijacking a civilian airplane traveling between two‚Ä¶ https://t.co/2A3xPCbP5D";"0";"401"
"190";"1451600246";"893916781039026177";"i_recall";"New update for my first #ios #app is now available. Quickly #loseweight  with #yoga  https://t.co/hNwPSafKtl #iosdev #development #mobile";"0";"3"
"191";"53437516";"1574391086482690049";"PrivCo";"Is Silicon Valley's Golden Era Coming to an End? - https://t.co/70xiwx4c92 https://t.co/rNozT4zmYr";"0";"0"
"192";"302730142";"1574355161698418689";"abcDercMEGAxt";"Ist es nicht lupenreiner #Rassismus, wenn der Queer-Beauftragte der Bundesregierung, @svenlehmann, seine Anteilnahm‚Ä¶ https://t.co/ElSRn2Q1ep";"0";"441"
"193";"2495968004";"659863621510541312";"giannalengyel";"Edtech‚Äôs Next Big Disruption Is The College¬†Degree https://t.co/ZRbaoS3hrq via @techcrunch";"0";"1"
"194";"2493822368";"1567028106782806017";"EnjoyVenture_VC";"Grover team is growing strong üí™ https://t.co/vatF1y0Akd";"0";"1"
"195";"458823879";"1574654687898476549";"ProjectAcom";"#PAKCon22 is fast approaching, and we are excited to announce an insightful session in the area of #business‚Ä¶ https://t.co/9zKxe5GPF0";"1";"0"
"196";"2364114630";"1567216037602463744";"Brackendale_";"[Awards] We‚Äôre delighted to be finalist in the ESG Consultancy category at the @RealDealsEU #ESG Awards 2022!¬†‚Ä¶ https://t.co/oblPcF2NB5";"1";"1"
"197";"581622122";"1571553137743233024";"fay_margo";"@LucyFaulkes @BellaVelo @rapha Nice to meet you ladies at Tanhouse farm shop in Newdigate! From a @kentvelogirls cyclist :)";"1";"0"
"198";"21872733";"21872733";"Airtight";NA;NA;NA
"199";"2357814896";"1199823515819692034";"mobi_en";"Haue den Tisch mit deiner Faust und die Schere wird mit dir reden.
üáµüá±";"0";"4"
"200";"2317159435";"519767020850933760";"Bollyvod";"@siddhraj22 For Bollywood-fans, watch the best movies for 9.99 USD/month at Bollyvod. Right now free trial, no cc: http://t.co/rHlvh3dbP5";"0";"0"
"201";"8439332";"1573329774386216960";"mattcg";"üôèüèΩThis one just hits different. If you can relate to anything in this column. Let me know üó£Ô∏è

https://t.co/5zTOSwydZC";"0";"14"
"202";"2343354775";"1529516427769700352";"FelixSchachi";"Let‚Äôs go ‚Ä¶ looking forward to meeting great developers @HackerX today at the great office of @codecentric https://t.co/G9L433MsEK";"3";"1"
"203";"29697242";"1560894941080985601";"petternylander";"No prizes for guessing who gets my vote üòéüëå https://t.co/8KpIpNX0sT";"0";"3394"
"204";"552659433";"552659433";"S_Beherec";NA;NA;NA
"205";"109262371";"1574720531139796992";"SuperReturn";"What role could financial institutions play in the energy transition?

Taking to stage to answer that question is S‚Ä¶ https://t.co/vsH0lnpTFr";"0";"0"
"206";"44662054";"1181630132915703809";"unkr3ativ";"Proud to host @reacthh with the awesome @reactjs in our uptain office. smart technology. smart talks. smart people.‚Ä¶ https://t.co/vV3UudAhYT";"0";"2"
"207";"2349953995";"490626711730782208";"maximelcher";"Large financing round for Termine24 ‚Äì Paua Ventures http://t.co/3dlEWskbFK";"0";"2"
"208";"2338354994";"599879300628803585";"bode_tim";"Check out Hermitage Ba#0 https://t.co/bnFkZnXEvB";"0";"0"
"209";"2317230632";"763482344523268096";"TravAlarm";"IoT Analytics: On-ramp to the Internet of Things https://t.co/Hi8LaJXTWF @arka_bala";"1";"1"
"210";"163779226";"1561760195465863169";"pauaventures";"Robotics Festival Voices | 
Meet Georg Stockinger from  
@pauaventures at Robotics Festival 2022

ü§ñSecure your tick‚Ä¶ https://t.co/qhrmqjglxm";"0";"2"
"211";"381101492";"1567950435503448065";"C_Harkin";"A great story about Queen Elizabeth‚Äôs historic speech at Dublin Castle in May 2011: we‚Äôve traced the envelope on wh‚Ä¶ https://t.co/8qicvgWij6";"0";"1073"
"212";"924092036";"1574445927485644802";"flventure";"Thank you to Hillsborough County Economic Development Innovation Initiative (EDi2), Community Partner of the 2022 E‚Ä¶ https://t.co/FU2oewE7Bg";"0";"0"
"213";"113585977";"1574353051322032129";"akesoft";"@a_bergman Alla handlar med NFT nu";"0";"0"
"214";"21191338";"21191338";"DigiCapitalist";NA;NA;NA
"215";"2192893283";"1357043649826213894";"JimDarragh";"@CoinbaseSupport Trying to get someone to answer my endless messages to Coinbase!";"0";"0"
"216";"312751265";"907273282067591169";"Pr0ximity";"The number of times I'm sitting in front of my own notes trying to decypher my handwriting is far to high... #oldschoolnotes";"1";"0"
"217";"1719897254";"1719897254";"stefanierasp";NA;NA;NA
"218";"14279577";"1574532116783587328";"crunchbase";"Learn more about the 7 Hispanic and Latine leaders we‚Äôre highlighting this month who are shaping the future of entr‚Ä¶ https://t.co/rhNC71K6sg";"1";"0"
"219";"36133582";"1486042502670991365";"chrisgroeger";"@nic_detommaso üëã";"0";"0"
"220";"11429542";"1574703724341207042";"azrael74";"#Interview - ‚ÄúIch glaube, dass unser Produkt ein sehr gutes Timing hat‚Äù 
https://t.co/LvmAOdxvHd";"0";"0"
"221";"17684094";"1024621314101964800";"GerhardMiller";"@livetvappde hey guys, wann seid ihr denn Partner bei Telekoms StreamOn?";"0";"1"
"222";"538118816";"864481329081196544";"wywy";"Nielsen slowly phasing out TV viewing paper diaries: https://t.co/C0eD1Snn4Y";"1";"2"
"223";"274482049";"1559087606369062914";"rgwd67";"We‚Äôre pleased to announce our investment in @Wire - who‚Äôs spearheading the next era of secure collaboration üí∞‚Ä¶ https://t.co/62h7UYChBb";"2";"0"
"224";"1454822709532233728";"1569726372259549189";"RjMollen";"For sale 100% off market
116 rooms 5-star hotel
free of flag 
Prime center next to a large shopping mall 
Congress‚Ä¶ https://t.co/SYfuEjV6oN";"0";"0"
"225";"35932716";"1549418374647644160";"AkosStraub";"Working hard, thank you! Every month my team and I help more and more families. I truly love my job and it's so muc‚Ä¶ https://t.co/Vw7FG30Fvc";"0";"0"
"226";"117589511";"1574645008900071425";"hfrfromthefloor";"Motown rising from ashes? $F $RKT @Lions all says same old NOPE @hfrfromthefloor wonders how $GBPUSD can be saved‚Ä¶ https://t.co/Q3aVoCm5yu";"1";"1"
"227";"456402225";"1547770217677201408";"_ArvindMehta";"Register today for the Operators Summit: Accelerating Value Creation! Join us for interactive discussions, hear fro‚Ä¶ https://t.co/oL5AQf3VzP";"0";"1"
"228";"121158213";"1574728578662805505";"AlertTrade";"$LCID (+3.2%) initiated with an Overweight at Cantor Fitzgerald https://t.co/7lFZMQ7aTu";"0";"1"
"229";"787028509";"1574729198316318720";"Tracxn";"Oil &amp; gas production company #Investors! Subscribe to our #SignatureNewsletter and track all the latest funding upd‚Ä¶ https://t.co/OKeTGWURzd";"0";"0"
"230";"746426602037317632";"746426602037317632";"paperjuul";NA;NA;NA
"231";"1248663336742465536";"1559325886742134785";"keithchap1";"@BICMagazine @UNRGCorp $UNRG https://t.co/4FcEKLAnYR";"2";"0"
"232";"390113548";"1435301145774370820";"Dealcloud";"Last year we transformed the Connect Conference to a virtual setting with thought-provoking sessions and discussion‚Ä¶ https://t.co/35Gt4M4slH";"0";"2"
"233";"1050465328881373184";"1313096122043445254";"ForteIon";"Do not let anything stop you from achieving your goals, especially power outage.
.
We are still your best option fo‚Ä¶ https://t.co/n4HJQxvbP2";"3";"1"
"234";"1101578422793334784";"1226845432078143488";"frankhuang188";"https://t.co/1czuNlNf2R: Buying Choices: Digital Infrared Thermometer, Ear and Forehe... https://t.co/J09B5HYb9J via @AmazonAU";"0";"0"
"235";"3108407847";"1572898279381245954";"RRobertseHealth";"Today marks four years and it still feels like yesterday https://t.co/P6XFC935bp";"2";"0"
"236";"990950515";"1570249232145170433";"366Degrees";"Build apps on the #Salesforce #crm App Cloud Overview by OMI Learn more https://t.co/wd4lrKs0AT https://t.co/9Kwhx1nlRN";"0";"0"
"237";"259004129";"1573823894791880705";"The_DonFather_";"2021
Feb: Heard about NFTs
March: Created Twitter Account
June: Launched Newsletter
July: Launched Podcast
Nov: Lau‚Ä¶ https://t.co/q4umXqegyl";"0";"47"
"238";"4864780251";"1574483779955134464";"Alayandesulaim3";"Prophet Yunus ibn Matta (Jonah) AS

Yunus Ibn Matta (referred to Jonah in English) also known as Dhan -Nun was a Me‚Ä¶ https://t.co/6Lm1pBt4A6";"0";"119"
"239";"159636220";"1504035438528397312";"jessicaj38";"Revenge porn laws in NSW just quickly.  #mafs #mafsau https://t.co/bm6QhcKmA6";"0";"41"
"240";"21778276";"556092239131074560";"LukeCushman";"PR, where's the beef? It's in this new book! #BizEssentials for #PRPros | Thanks @Culpwrit and @mattragas - Congrats! http://t.co/tsjXa7MR5l";"2";"2"
"241";"985944648412573696";"1562675319559303170";"StandardBrooks";"@richardzussman The Sturgeons";"2";"0"
"242";"2822266518";"1382636020206858242";"DronSystems";"Intermap and DronSystems Announce UAS Collaboration https://t.co/FVhZBq7FeX https://t.co/zGGpkRJ4wZ";"0";"1"
"243";"156345911";"1171573724388003840";"ThermoCredit";"Happy to be presenting at Compliance Solution's Client Appreciation and Tax Conference in San Diego this week.‚Ä¶ https://t.co/RhRjSMAfF2";"1";"0"
"244";"902562028568621056";"1514710223239487490";"CdurantBullhorn";"How do you make sure you are taking advantage of every opportunity out there to gain new clients and build long las‚Ä¶ https://t.co/G2LLI0WWxq";"0";"0"
"245";"111306912";"1507046426886524934";"AxialCo";"It‚Äôs time to rethink what‚Äôs ‚Äúnormal‚Äù for the startup world.

https://t.co/khOSvJcnri";"0";"6"
"246";"2398435854";"1559574589411311623";"TheHHeroes";"Wonder Woman stopped by @ShrinersChicago recently!  @TheHHeroes hosted a Summer Games party in the hospital backyar‚Ä¶ https://t.co/XfI5NYvxXp";"0";"9"
"247";"888239122191704064";"933709544882167808";"Drake_ACL";"#whatimthankfulfor Drake is thankful for his family at the Animal Care League who look after all‚Ä¶ https://t.co/pMdQYFtXP1";"1";"0"
"248";"2930532312";"833485573314723840";"repfix_com";"I just published ‚ÄúThe Long-term Savings of Reputation Management‚Äù https://t.co/V1rdvMxpmC";"6";"0"
"249";"46050002";"1384131111387758596";"jsekevitch";"Maxine, have you ever been in a life and death real life situation? Was she sure he wasn‚Äôt going into that car to g‚Ä¶ https://t.co/n8D6nZPTd4";"1";"0"
"250";"42976381";"42976381";"mjbradburn";NA;NA;NA
"251";"90674370";"1238121033888038912";"lifestart";"LifeStart is now hiring experienced Yoga, Pilates and Spin instructors in Chicago!

If you or someone you know is i‚Ä¶ https://t.co/KAjXMjkcQz";"1";"0"
"252";"3232609920";"1339586292405784577";"CapstoneSLS";"Reality Check About Downside Capture: Your Principal Doesn‚Äôt Have to Be at Risk https://t.co/QBUT4KTzvf";"0";"0"
"253";"3030517258";"1574471725756157965";"evidencecare";"Brian Fengler, Chief Medical Officer and Co-Founder of #EvidenceCare, will be heading to San Francisco this week fo‚Ä¶ https://t.co/NPfvW6r6yj";"1";"0"
"254";"2174661913";"1574500348018016257";"AssetMark";"CEO Natalie Wolfsen connected with @ryanWneal of @investmentnews to discuss how AssetMark and the #TAMP industry ar‚Ä¶ https://t.co/yBW7brGvjm";"0";"0"
"255";"348101064";"1505054413546835971";"DCurtin847";"@GuyFieri so disrespectful to John";"0";"0"
"256";"890576401";"1293198817890721793";"aurigininc";"The future of investment banking, available now.
#capitalwithoutborders #professionaldistancing #dealsourcing‚Ä¶ https://t.co/gPNvyxryHi";"3";"0"
"257";"944012094";"1569747318647185410";"stepoboh";"We have launched the Dubai Research &amp; Development Program to create new economic opportunities and support strategi‚Ä¶ https://t.co/NXbuunyeoa";"0";"285"
"258";"4783987466";"1394387094416547840";"FitDelAustin";"Quite the afternoon of #weather here in #AustinTx! Anyone know what these types of clouds are called?‚Ä¶ https://t.co/JXb7cCGyRy";"0";"1"
"259";"3808570274";"1165640530446843907";"jazreelcubing12";"PODCAST: Eden Exchanges spoke to John Grant who is the Founder of YB12, a training and consulting enterprise for co‚Ä¶ https://t.co/RVQdjcHLPL";"0";"1"
"260";"18987780";"1196526674172510208";"mergerbank";"https://t.co/d3vOcbFZZg";"1";"0"
"261";"2209314398";"1573326686216765442";"97Switch";"Email marketing is one of the best ways to build a relationship, create loyal customers, and generate traffic to yo‚Ä¶ https://t.co/jHkC54m4sU";"0";"0"
"262";"2959107820";"920359364707446784";"LfyniBaum";"This is how 3500 calories can add up https://t.co/ajGacGtyLo @MensHealthMag #weightgain #Health #nutrition";"13";"4"
"263";"891961087";"1247875683335974913";"dealgifts";"So you've completed your latest business transaction and you're ready for the next step: honoring your accomplishme‚Ä¶ https://t.co/9VfFV0i2fL";"1";"1"
"264";"913169930";"1346912683837177864";"C_J_Crowder";"@jaybrown21 @dynamixTrain @igorbobic @alexplitsas Other than the red Maga hats...";"0";"0"
"265";"21614614";"1563989854446395396";"jtreister";"@IndianaTollRoad it's ridiculous that it should take over 5 minutes to get through a toll gate (US41)";"0";"0"
"266";"2329292167";"715412348454903808";"HardeeHines";"I hate the feeling when you have to say goodbye to someone you want. üò§üò§üò§
https://t.co/jS0026mfLh https://t.co/pmSeYldiPC";"0";"718"
"267";"715405552709279744";"1196689374718636032";"maz_pawar";"SA Capital Partners, LLC Receives 2019 Best of Chicago Award

CHICAGO September 23, 2019 -- SA Capital Partners, LL‚Ä¶ https://t.co/JczFCj2IJY";"0";"1"
"268";"1857584844";"940285043896963072";"WeWIN_1";"Sadly, many people in Sylmar have lost everything due to the #CreekFire. As residents return to the areas where the‚Ä¶ https://t.co/hgvlOXZgli";"0";"33"
"269";"4030117393";"1573623253763035139";"CDuB_IB";"@leadlagreport This is what happens when you have easy free money policy along with multiple trillion dollar increa‚Ä¶ https://t.co/x0vzls2TEC";"0";"0"
"270";"2914241387";"998644395636416514";"moazfar";"Auctus Group Acquires FINRA Member Broker-Dealer to Provide Comprehensive Investment Banking Services https://t.co/sEgSXr4HzI";"0";"0"
"271";"3261826578";"646005514103562240";"TradersChoices";"Volkswagen Drops 23% After Admitting Diesel Emissions Cheat - http://t.co/XLSd8pJpVf http://t.co/iECxh7ZBEv";"1";"0"
"272";"3297967315";"651580556069761024";"followbeauty2";"wind of change....";"31";"8"
"273";"3403874457";"689897026549616640";"jakeknotmanpt4u";"Quote of the day üôåüèª

The first step is the best step... https://t.co/225u7jPIa3";"0";"6"
"274";"3002821026";"3002821026";"lugeio5";NA;NA;NA
"275";"2311788807";"1574612352409997317";"qwe123456s";"üé• ÿ≥ÿπÿßÿØÿ© ÿ±ÿ¶Ÿäÿ≥ ŸÖÿ¨ŸÑÿ≥ ÿ•ÿØÿßÿ±ÿ© #ÿßŸÑŸáŸÑÿßŸÑ ÿßŸÑÿ£ÿ≥ÿ™ÿßÿ∞ ŸÅŸáÿØ ÿ®ŸÜ ŸÜÿßŸÅŸÑ @Fahad_Alotaibi_ ÿ∂ŸäŸÅ #ÿ®ŸàÿØŸÉÿßÿ≥ÿ™_ÿ≥ŸÇÿ±ÿßÿ∑ üëáüèº

https://t.co/T8d9QLUX06 https://t.co/vyDSFDNcDf";"0";"2816"
"276";"4165296159";"1574682079144689664";"enginagac_29";"@ITEA_4 @optimumplatform Alkol√ºn sebep olduƒüu trafik kazalarƒ±nƒ± nasƒ±l engellemeyi d√º≈ü√ºn√ºyor sunuz.";"0";"0"
"277";"1683764816";"1569038587961679872";"roberto_gam";"@sonukg4india 7";"0";"0"
"278";"114574883";"1574576399440027651";"VictorBellum";"@FiSavvy Lose real money first and learn from it";"1";"0"
"279";"1573232403023282176";"1573232403023282176";"0xQuentus";NA;NA;NA
"280";"1570507107803226112";"1572677747495022592";"crooted_site";"If you want something specific from your next job -- say, a remote finance role that pays &gt;$250k -- but don't know‚Ä¶ https://t.co/QDymkJw5Hn";"4";"0"
"281";"21332655";"1568977431892983818";"Ghadam";"Oddly sound behaviour for Edinburgh https://t.co/CR6KNnmQ3z";"0";"0"
"282";"941972376383758336";"1571223677584146437";"Cicy_amsterdam";"@cz_binance Pleasure to meet you with @Cicy_amsterdam for the
@binance blockchain week in Paris!‚Ä¶ https://t.co/C8NlSRuxRm";"0";"1"
"283";"941627105783185408";"941627105783185408";"being_present7";NA;NA;NA
"284";"816151407589851136";"1574708037712891905";"WwYyyVvvv";"@7oClockCapital Hi, This is a greeting from 
@NEST_Protocol

We're here sincerely seeking strategic collaborationÔºål‚Ä¶ https://t.co/bgurTLdkY5";"0";"0"
"285";"384030858";"1573458440269217792";"MaxWallenberg";"Two of our co-founders @omidaladini and @MaxWallenberg meet in NYC with @degen_quant from our partner‚Ä¶ https://t.co/YCSNFs4MVg";"0";"5"
"286";"1267091298600787968";"1574511265917157378";"wallstreetbooty";"DISCORD IS NOW OPEN 24/7!

And we are giving away 10x WL to celebrate üéä

To enter:
- Follow us @pacer_gg
- Join‚Ä¶ https://t.co/0scstJ8XoH";"0";"415"
"287";"3069201106";"1574616868639211521";"franckandmorgan";"At this point it is virtually guaranteed Europe will face a major food crisis this fall/winter at best, and contine‚Ä¶ https://t.co/fUwwGWKacv";"0";"0"
"288";"258480167";"1514021669253357571";"jdisch10";"@Ant_3 #UNO-it";"3";"0"
"289";"735021824";"1574364531366965250";"IDollyLenz";"In The Return-To-Office Standoff, Many Workers Say They Face Few Penalties For Staying Home https://t.co/6dRNqlO5fp https://t.co/hMhjjXpVfy";"0";"10"
"290";"59214911";"1574720821297397762";"dsteketee97";"Creating the Perfect Battery

by David Abel and Boston Globe Media 

https://t.co/UkUFIxCdeu? #science #batteries‚Ä¶ https://t.co/q56QOlKviR";"0";"0"
"291";"392933765";"392933765";"YoungHg_";NA;NA;NA
"292";"38222589";"1574242995490037760";"pcopses";"@rocknrollgarag1 ‚ÄúHere Comes the Sun‚Äù is the best song on the Beatles‚Äô best album.";"2";"0"
"293";"2616339811";"2616339811";"SDotTrey5";NA;NA;NA
"294";"819188597186318336";"1574724702521552896";"toyibadetunji";"@outercasts @_Rosie21_ üòé";"0";"0"
"295";"3114076999";"3114076999";"SeanPattap";NA;NA;NA
"296";"103898292";"1574730561314205697";"Kate4ver";"@rosannascotto ‚û°@GovKathyHochul 
‚û°@AndreaSCousins
‚û°@CarlHeastie
‚û°@QueensDAKatz";"0";"0"
"297";"709853";"1558547193958502400";"IndieFlixCEO";"Check out Friend Divorce, a film feature I'm supporting on @seedandspark and think you'd like, too! https://t.co/SfXvDpp3Tg";"1";"0"
"298";"1862141534";"1574228714749034498";"BeidelmanJohn";"Jihad Rehab movie 
https://t.co/LdT7aUKuIW
#JihadRehab #IndieWire";"0";"0"
"299";"1311677612364828672";"1311677612364828672";"D_Hiromichi";NA;NA;NA
"300";"54574509";"1528843920448315392";"shavarna";"I'm attending Meet Our Fund 3 on May 24 &amp; 25. Get your free virtual ticket here: https://t.co/gxoVHgRtHC (cc: @jason @inside) #MOF3";"1";"0"
"301";"234598105";"1542693568967573504";"Burke11530Burke";"@adopt_boxer Love boxers never a problem to save one";"1";"0"
"302";"2845733158";"1573007618091753475";"EricJayDeutsch";"@DavidCornDC Hi, my name is ""Corporation""";"0";"0"
"303";"149931221";"1554117996397854723";"JoshuaBGreen";"Five steps to embed sustainability for competitive advantage: https://t.co/dTvm8Eow9h";"0";"5"
"304";"345039449";"1397359187223535616";"khandujav";"Good read! The demise of the dollar? Reserve currencies in the era of ‚Äògoing big‚Äô https://t.co/z6vy7IxI81";"1";"0"
"305";"1227203259917619200";"1574720546125717504";"OGpetrus12";"@_InvestorBen @CryptoDefiLord Real AF";"0";"0"
"306";"1167393984433590272";"1574484302636761095";"AHorlaplusone";"üì¢#Kryptview Beta weekly rewards

A total of USD 5,600 worth of #airdrops will reward the weekly top contributors on‚Ä¶ https://t.co/IEU58JOIQY";"0";"22"
"307";"839222449";"1573771373817782274";"123campaign";"@Browns @Kareemhunt7 üíØ";"0";"0"
"308";"66378895";"1574613781686013952";"sws_wendell";"‚ÄúOur audience can speak back to us now; why wouldn‚Äôt we want to learn from what they have to say.‚Äù @Edward_Enninful";"0";"0"
"309";"176629154";"176629154";"ryangraham33";NA;NA;NA
"310";"1525983896562814976";"1525983896562814976";"WelkinGlobal";NA;NA;NA
"311";"912779124397064192";"1382815684699197440";"mountiger";"Help Brant Carnwath with Medical Bills https://t.co/j5zQmnhYHY";"1";"0"
"312";"839646740697526272";"1339698956754935808";"GraceChristus";"@ThomasJusto818 Kobe";"0";"0"
"313";"138407951";"1574679016035983362";"its_skndr";"Gm https://t.co/sFWeUVF5Uk";"1";"0"
"314";"223827870";"1572941356980666369";"gustavreagile";"@crypto_bitlord7 Lol!";"1";"0"
"315";"1517779701145632768";"1549581439066198016";"LeontheRiven";"@Annie2Fun @nfteye_io @Nswapcom @renfroe51laura @emmacui @cdixon  would be nice to the given the chance add: 0x28a4‚Ä¶ https://t.co/J22rVuDU03";"1";"0"
"316";"2566824788";"1571130676694634496";"Pallotta_M";"A couple of months ago, we commissioned sculptures from our favorite Italian artist, that would immortalize the‚Ä¶ https://t.co/NOXTzViIil";"1";"0"
"317";"514834262";"1574641243166064640";"FlyHigh407";"@ShakurStevenson Fook @TeddyAtlasReal and yes he is a bishhh";"0";"0"
"318";"1341417078062948352";"1572813979990499328";"sabelguz";"This graph represents the least efficient smart contacts for the oldest DEX on @Algorand. Newer DEXs @pact_fi‚Ä¶ https://t.co/45JRdVKF9o";"0";"32"
"319";"1519911777991016448";"1519911777991016448";"BonnerCafeNo1";NA;NA;NA
"320";"1242361405623410688";"1574703168423878656";"czarcarr";"@dar_cur @ftso_au @CommunityFlare Negativity prohibits growth";"0";"0"
"321";"1099688795371257856";"1574206063053746177";"myorganicplanet";"Nothing to see here, just the second largest food distribution centre in the world on fire in France right now, to‚Ä¶ https://t.co/RPQKgW5unJ";"0";"14895"
"322";"1180541377";"1180541377";"IamDouglason";NA;NA;NA
"323";"239261967";"239261967";"B_Hofm";NA;NA;NA
"324";"26925008";"1574221736853360641";"jhonnydrealty";"It is interesting that people are worried about the finality of Bitcoin transactions once there is no block subsidy‚Ä¶ https://t.co/EUrfbWNo3b";"0";"17"
"325";"1379213020782542848";"1569106485099089921";"RicaAlgo";"@Scaramucci @FTX_Official Please don't forget Latine people, we are waiting your book in Spanish";"0";"0"
"326";"1275557406039138304";"1573234959590035457";"CryptoInAByte";"#Bitcoin doesn‚Äôt need Jamie Dimon. üëãüèº

It‚Äôs fiat that‚Äôs the biggest Ponzi scheme in history, requiring ever expandi‚Ä¶ https://t.co/KaLKER1aDM";"0";"963"
"327";"968267526642782208";"968267526642782208";"Robin_Messiaen";NA;NA;NA
"328";"1562329963004473344";"1562329963004473344";"GJain1190";NA;NA;NA
"329";"551090778";"1560646067062194178";"jameshessleach";"View my verified achievement from McKinsey &amp; Company. https://t.co/znAV3pId7I";"2";"0"
"330";"247523803";"1297147961915449345";"j_olivella";"@MPN_bchavez @LacrosseBraves @VictorLacrosse @MWWildcats @BHPrideLax @HoneoyeSports @goBCSbombers Honorable Mention‚Ä¶ https://t.co/kr3jpKYPJW";"5";"0"
"331";"136216526";"136216526";"ccatchan";NA;NA;NA
"332";"1246818806468665344";"1571873904800546816";"MartialChartist";"@OddStockTrader I remember that dude. Stopped following him a while back when it felt like he was shilling.";"2";"0"
"333";"55566326";"1568607882962165760";"Badiah";"Hi @apolloglobal Do you have presence in Kenya?";"0";"0"
"334";"49467259";"1573622326075195397";"truckin4UFOS";"I just subscribed to Dr. Mercola's Censored Library (Private Membership) https://t.co/zVSNcawvfN";"0";"0"
"335";"943928528923516928";"1573763318652829706";"davidblackwhite";"Wow. Inflation √ºber Preisdeckel bekaempfen zu wollen ist ungef√§hr so sinnig, wie in der DDR die Arbeitslosigkeit be‚Ä¶ https://t.co/iN2JTZGren";"0";"29"
"336";"1372491868450226176";"1574552874390102017";"tr4shfi";"@stomes626 @luciusb_ @SirDeusVult @realAlexbosco @GKCdaily Congrats, you‚Äôve let an anon on the Internet get to you. Well done";"0";"0"
"337";"91109834";"1574540949627506688";"TomBSCO";"@CaddieNetwork @TigerWoods On the course he‚Äôs just another dad.";"0";"0"
"338";"1523565611208613888";"1568048745706835976";"xbbtc1";"@ApsolutProtocol @dao0oad @Long91173130  #Apsolut";"0";"0"
"339";"125785869";"1574161487823654912";"pwoods10";"The dog‚Äôs reaction.. üòÇ https://t.co/nYdHGCvAXc";"0";"8845"
"340";"193142496";"193142496";"john_buechli";NA;NA;NA
"341";"14906115";"1574723544465874944";"guicookie";"@remi_tetot @Hero_NFT_ @TeamKujira The Terra/SOL collection for @Hero_NFT_ was my first SOL NFT buy. Bought on SOL‚Ä¶ https://t.co/ejMXuCScz3";"0";"0"
"342";"85385797";"85385797";"npremd";NA;NA;NA
"343";"263359936";"1350456168737595398";"woz_dog";"Kids today never experienced the real Wayne Rooney ....

 https://t.co/84r7mTXrvn";"0";"5493"
"344";"1558160601062465536";"1558160601062465536";"Jose94912121";NA;NA;NA
"345";"720624114046619648";"720624114046619648";"Battushig824g";NA;NA;NA
"346";"2164597418";"1573808042583392256";"TheChandrima";"""Digital twins for selecting the optimal ventilated strawberry packaging based on the unique hygrothermal condition‚Ä¶ https://t.co/7NEkViC0dz";"0";"1"
"347";"1163004266";"1163004266";"tredfordmills";NA;NA;NA
"348";"780292093839220736";"1574639856998760448";"martinhoyes";"Attending this year's #HRTechConf felt like spring (after a long winter.) Here's a recap of 6 major themes and high‚Ä¶ https://t.co/tFjpZ6izDM";"0";"7"
"349";"1148128761474236416";"1148128761474236416";"itslucassss_";NA;NA;NA
"350";"1490945271055863808";"1572560908874031106";"renee19860606";"Êù•ËÅäËÅä~
https://t.co/ZkhJSjo0i5";"0";"0"
"351";"132327889";"1574228256898748416";"bushw00d";"@nw3 Donkeys are pretty bad. Not sure the enthusiasm is all that high here in Denver.";"0";"0"
"352";"2182357285";"1529105344810651648";"chandra1526";"@GabyDabrowski Hi Gaby, how to know the exact time of the doubles match? these match times move a lot";"0";"0"
"353";"19380198";"1573557031939686400";"fayfeeney";"Yes, I've pitched half baked ideas in Zoom meetings.

Yet after having an idea shot down there may be no greater sa‚Ä¶ https://t.co/N6rKswuXKA";"0";"0"
"354";"1344772032";"1568997888784584705";"enesdemirci91";"@Haber 128 degil 349 milyar dolar. Takip edin yalan @haber'iniz olsun. 

https://t.co/ciaoFFJrvT";"0";"0"
"355";"528787522";"528787522";"chrispearson90";NA;NA;NA
"356";"241577695";"1461285570261528585";"ciaranmcgarvey";"Together Again This Christmas‚Ä¶. https://t.co/v0ncqCqOuE";"0";"1"
"357";"1333746504";"1125933781154705411";"FCohas77";"@CuomoPrimeTime";"0";"0"
"358";"3001272125";"1574543410374922241";"joao_pmlima";"The properties in question have a 100% combined market value of US$755 million and serve two of the world‚Äôs busiest‚Ä¶ https://t.co/47w5DjLYXa";"0";"1"
"359";"69467820";"1552052333109993472";"audreyfrancesny";"@timseymour @GuyAdami @ReachTVNetwork Meta World Peace for the win";"4";"0"
"360";"881926358";"1572257269688975361";"SimpsonCupGB";"Here‚Äôs a great review of this year‚Äôs #simpsoncup - with a big thanks to @PGATOUR for supporting us!‚Ä¶ https://t.co/CwKMSJAmd5";"17";"6"
"361";"362105085";"1313501690721689600";"JohnLutt";"https://t.co/V2Hqt4nv15";"0";"1"
"362";"1421098334";"1421098334";"WellingtonSsh";NA;NA;NA
"363";"365283857";"1568499326036344834";"mayur_walvekar";"@dwarkesh_sp for reference, animations as portrayed by David Rubenstein on his Bloomberg Tv show or principles by R‚Ä¶ https://t.co/vVEz44kl5Q";"0";"0"
"364";"1564548659676684288";"1564548659676684288";"ValaamReal";NA;NA;NA
"365";"347933087";"1563977677413175296";"Kuchhbhi_";"We are being attacked with Pak-Urduwood bot army. 
Retweet if you #SupportGemsofBollywood üôè";"0";"16803"
"366";"449305290";"1559969524723630081";"Deanna_Elle";"üò≠ https://t.co/P8l1I881Wz";"0";"0"
"367";"449441163";"1574595093532532737";"JohnLaurenzo1";"Hearing great horned owls calling back and forth in the trees tonight. https://t.co/Som4hpP1s9";"0";"0"
"368";"2730434958";"1571253857220530176";"graystonetech";"@SergeGatari SaaS";"0";"0"
"369";"909413947819696128";"1574678685193740288";"MbaEconomic";"MBA Economics
Get easy notes for Management with all subject MBA/BBA Course
https://t.co/DuBET8u8ax https://t.co/FvPveJeDKb";"0";"0"
"370";"3056761";"1566445819972276226";"franzeta";"Taylor Hawkins' son, Shane Hawkins, performing ""My Hero"" with Foo Fighters ‚ù§Ô∏è https://t.co/Bkf81mEtC0";"0";"7768"
"371";"1559845616871739392";"1559845616871739392";"mieps5";NA;NA;NA
"372";"629700971";"629700971";"Colecraft122";NA;NA;NA
"373";"3316248054";"925680081355268096";"ning7111";"@LuGao6 @dhasemusic So cool!";"0";"0"
"374";"1556508440687689728";"1564761823684993025";"TolefreeTolefr1";"@yuna__yyy Lucky üêà";"0";"0"
"375";"2447723174";"1467944896090849283";"HeinCaspar";"acer https://t.co/QqBfJ5rsW3";"0";"0"
"376";"2573216979";"1286035609937678337";"dpr1993";"@petercrouch can you talk about whether you dived against bolton on the last day of the 11:12 season on the podcast?";"0";"0"
"377";"1561986865296977920";"1561986865296977920";"nc13943";NA;NA;NA
"378";"1306747136403533824";"1572726177193672704";"lifegotomorrow";"Napoleon: Q 

The Devil: A https://t.co/u18CCEgC9T";"1";"0"
"379";"1223314183971909632";"1574017292526026752";"SweetCattyKing2";"https://t.co/8XxBKjXGh5";"0";"755"
"380";"1552123312561688576";"1552123312561688576";"stanbluzer";NA;NA;NA
"381";"2863087303";"1574614551579963393";"EdsonRomario200";"https://t.co/HLb7dxA9G4";"0";"2124"
"382";"137154920";"1574525107644555285";"mjdarmon";"YouTube is free education.

But 99% don‚Äôt know the best spots on its virtual campus.

Here are the top channels to accelerate your learning:";"0";"57343"
"383";"19571580";"1574700822944006148";"JoeyCarl01";"@RealStephenKerr Well i'm glad you've decided that Stephen..... ü•±";"1";"0"
"384";"165203205";"165203205";"rivers25";NA;NA;NA
"385";"47697485";"1563425374322667520";"adamk2326";"@Springboks So bad in attack, defence and off the boot. He was found out in France. Im surprised Leicester gave him a contract.";"0";"0"
"386";"204937655";"1562499101991657478";"smokeyNo7";"@WeldingMorton David Morton takes Deposits of people and doesn't show up to do the work and won't give back the dep‚Ä¶ https://t.co/doeh1i8GCB";"0";"1"
"387";"1487692379805163520";"1573559096275501056";"dean_late_smith";"@talkSPORT Absolute Cunt";"0";"0"
"388";"157059478";"157059478";"brains88";NA;NA;NA
"389";"22670928";"1560855443714367488";"BigSimo83";"‚ÄúChris Smalling is better than Harry Maguire‚Äù  they laughed but he was right all along.
https://t.co/IW0KbLrbpG";"0";"2069"
"390";"65871270";"65871270";"Gill_Mandeep";NA;NA;NA
"391";"1047919956636180480";"1574497352454488134";"elburnso";"POPE is shit! Fact";"0";"0"
"392";"807504700207693824";"1573732664342941696";"Marcprobert3";"@ReturnofR All my life... thr foos";"1";"0"
"393";"43392874";"1574597415809810432";"TheJeetness";"@redsteeze HE GOT YOU OH NO!! üòÇüòÇ";"0";"0"
"394";"1560612874023993344";"1560612874023993344";"surphl10212734";NA;NA;NA
"395";"1550097425536278528";"1574315584870928385";"MartinKornejew";"Zusammen mit @christianbaye13 &amp; @MSchularick haben wir einen Vorschlag erarbeitet, wie man in Deutschland einen Ret‚Ä¶ https://t.co/HiJbEbN5OQ";"0";"34"
"396";"4537809447";"4537809447";"AmrMalakX";NA;NA;NA
"397";"207704189";"1552367101452722176";"OutsidetheFink";"These boundaries for 20/20 should have to be bigger then the ones at Bristol today. Although it must be great for t‚Ä¶ https://t.co/ITT7lMzbZS";"1";"0"
"398";"1526184936209891328";"1574132302992609281";"SamJord06496764";"@johnestevens @GNev2 More than welcome to hand more tax to the government under the voluntary tax scheme";"1";"0"
"399";"622960496";"1294716597815345154";"GMolesworth";"This ad enraged @seanhannity so much he had his lawyers go after @MeidasTouch on twitter. Retweet far and wide:‚Ä¶ https://t.co/qJC2QNXIlw";"0";"4698"
"400";"1158999213524566016";"1574294353291247616";"lawlor1988mufc";"@SteveAustine_ke @sportbible üòÇüòÇüòÇüòÇüòÇ
Tsimikas scrapping the barrel now you are lad";"1";"0"
"401";"592671618";"1539932621815177216";"shipherenow";"@Football__Tweet Autoglass";"4";"0"
"402";"287834630";"1574712723421773824";"GNev2";"Appreciated David üëçüèª https://t.co/YxVdRDFBxB";"503";"9"
"403";"1086851572376715264";"1574649792856264704";"V3RIFIED_";"@imintrugs Jesus you Don use up to 40 milli degen
Omo this man is on a whole new level";"0";"0"
"404";"51145267";"51145267";"nminchin";NA;NA;NA
"405";"22869238";"1574466334062256129";"ycharts";"ICYMI: On today‚Äôs #TheExchange, @SullyCNBC and @jeffkilburg explore small to mid cap #stocks showing the most momen‚Ä¶ https://t.co/u9ORQXI6hg";"4";"1"
"406";"18978966";"1553450726952779777";"GeoffOakes";"@SimonDunmore @HONEYDIJON @lukesolomon @Beyonce Will that be the RENAISSANCE album? üòÄ @renaissance_dj";"1";"0"
"407";"752861989689450496";"1395806118203609089";"SugarBowlCo";"Haystack is comprised of seven hyper-specialized strategic and creative teams: @haystackww, @fear_less_co,‚Ä¶ https://t.co/nxBN5kXB3d";"0";"0"
"408";"998254694043701248";"1574476229725638657";"TheCheif4";"Paying our respects üôè

#ENGGER https://t.co/7PgkbYVJxs";"0";"49"
"409";"240743858";"1562228564484833280";"thamiltonk";"@TronCarterNLU @maphumanintent @mctrees02 Mizuno?";"1";"0"
"410";"1014069133";"1574695081424076802";"Terrencemanyeh";"We don't usually talk about other teams, other players. But we wish Benjamin Pavard well, and hope this news  will‚Ä¶ https://t.co/QkcEDJ4tMU";"0";"1520"
"411";"34227896";"1573697428057907201";"SanjsinghM";"Ligue 1 is the funniest football league in the world üòÇ https://t.co/rTbZ0bhAPB";"0";"15068"
"412";"1536896842188763136";"1574719986848829440";"RedMancPerth";"@MartinDaubney Brexit üëÄ";"0";"0"
"413";"1148258653905932288";"1148258653905932288";"notailbig";NA;NA;NA
"414";"952233586148675584";"1574378814733701120";"charlietheo";"EXCUSE ME WHAT!!!!

SINCE WHEN DID THEY EVEN SACK ROB EDWARDS!!!!! https://t.co/6pMK2MN5bA";"0";"0"
"415";"1169647160603922432";"1574360017691721728";"djazza7";"Isn‚Äôt an independent thinker? At the same time expects everyone to agree with this absolute BS‚Ä¶ which ironically wo‚Ä¶ https://t.co/m2L3vhWW2o";"0";"0"
"416";"354797836";"354797836";"ElliotTester";NA;NA;NA
"417";"339667475";"1573211422368096256";"DanielTaylor42";"@ArccosGolf If those stats are right then what tees should people play based on those ? I would say most should be playing &lt; 6300 yards";"1";"0"
"418";"431609783";"1574211987093037056";"brett_walden";"Mostly mid-tier life insurance company and some media assets, with the some VC dart throws. They do an excellent jo‚Ä¶ https://t.co/hCKZvFZUId";"0";"0"
"419";"341199153";"1574710728099090432";"Jon_withthewind";"@LizKershawDJ Why would it make the headlines?";"1";"0"
"420";"213022644";"1566765412917854214";"beakdom";"@Samfr He hasn‚Äôt told them that he has a steel manufacturing company at his house has he?";"11";"0"
"421";"816034398479011840";"1561784142974558210";"bmurph026";"I've written a few words for the @ExaminerSport ahead of tonights game at OT, and I managed to not swear, just.‚Ä¶ https://t.co/Rs37g80xZq";"0";"163"
"422";"465099475";"1572938756159639552";"hardcoreyouth";"@JJCarafano @SebGorka Its actually the other way round.";"3";"1"
"423";"557904863";"1562658632764116992";"Sallahmire";"10. Harvard business review

Learn About Entrepreneurship and Management .

https://t.co/O7XZulOPOi";"0";"24"
"424";"72823130";"1574381644047421442";"That__Fella";"@LeroyBorrello Can‚Äôt be!!!!!";"0";"0"
"425";"1048186457712730112";"1573437025650638848";"Keem_spears07";"@_DITRHipHop Boondocks memories";"5";"0"
"426";"761509866250829824";"1571798969897844736";"SeanHynes007";"@NUIGConfessions @GlennonEthan are things that bad";"2";"0"
"427";"456418066";"456418066";"RickDavis81";NA;NA;NA
"428";"347215138";"1573017137530167296";"teddy_orgnl";"¬£33m in dividends while overseeing ¬£115m losses and worst ever Premier League season is disgusting

#GlazersOut";"0";"361"
"429";"547465468";"1574646280730845185";"mancscum2";"Boycott them all. Don‚Äôt fund The Glazers, cause we want them out of our club #GlazersOut https://t.co/hJZuDGvXRv";"0";"194"
"430";"187546794";"1574664616545615874";"Ryan_mufc20";"And whereas Arsenal and Tottenham have paid for the construction of a stadium, #MUFC have paid all of that -- along‚Ä¶ https://t.co/aVDpoGzCj4";"0";"576"
"431";"206231730";"1574443167017242624";"gravs82";"@JamesKay89 Worst defender in league pal! Been bang out of form, kid at Chelsea best RB England have";"1";"0"
"432";"3334266155";"1574507868610600960";"liamod1982";"@SkySportsPL But harry maguire is??";"0";"0"
"433";"4832825020";"907340222672842753";"hectortheserb84";"I‚Äôm voting for Walkers Prawn Cocktail! #chooseorlose https://t.co/RXUeV3ZOgB";"1";"1"
"434";"1244302700474400768";"1574488937258795015";"_DeborahAllison";"Of course slabhead gives away a penalty and of course Germany score... What a crock of shite";"2";"0"
"435";"48775446";"1574466011059081216";"icon_55";"An Iranian woman cuts har hair at the funeral of her brother Javad Heydari who got killed in Iran protest over the‚Ä¶ https://t.co/aGLiNRi9sA";"0";"4262"
"436";"2222074011";"1568962673877860359";"ReubenApollo";"Make other people come to you; use bait if necessary.";"0";"8"
"437";"218686347";"1574519264748265473";"bdug74";"And f@ck all to show for it. 

The Glazers are an embarrassment. They need to go! ü§¨
#GlazersOut https://t.co/5O3jNfXPny";"0";"33"
"438";"197510422";"1574697225883713536";"holt160";"@MerlinUnited I think he'd get more support if he was a bit more honest with himself. He seems to have an over infl‚Ä¶ https://t.co/LTahCpkNRk";"0";"0"
"439";"1160251682435022848";"1220540951015448577";"JooKristin";"@amyklobuchar Abigail is doing an amazing job in Iowa. Loved the hotdish https://t.co/wj8LIDDm5s";"3";"0"
"440";"2785889400";"1563520353615245314";"loupprix";"The ending.. üòÇ https://t.co/AaVOUAXCdw";"0";"87188"
"441";"91626973";"1574461018918436864";"stretred";"Glazers continue to ruin our club and alow it to rot why have they not sold up and left yet ? Actually convinced th‚Ä¶ https://t.co/5Wfl4PND5Y";"0";"93"
"442";"20168148";"1573045200406323200";"miley22";"@WRenshaw4 @paulenglish1961 He does hahahüáæüá™üáæüá™üáæüá™ https://t.co/Judyx4gEM2";"3";"0"
"443";"1532768226282725376";"1570066360277020673";"Bausali3";"The national anthem will be sung before kick-off at all Premier League matches this weekend, with crowds invited to‚Ä¶ https://t.co/qEuda7OvGQ";"0";"1"
"444";"1458343467378167808";"1561833553247277056";"StevenCornwal10";"Thousands of Manchester United fans have been protesting against the club's owners ahead of tonight's Premier Leagu‚Ä¶ https://t.co/VQW4aYgHMI";"0";"42"
"445";"97220690";"1574416177467559936";"amiralig215";"@Soulwhistle @simply_dat_Temi @Camaverde_ Luck is a losers excuse üòâ";"0";"0"
"446";"4856535022";"1574670410183909376";"michael_tolopu";"The Minister of Finance &amp; National Planning, Hon. Situmbeko Musokotwane tabled the Capital Markets Master Plan at a‚Ä¶ https://t.co/c51yqUQbNV";"0";"3"
"447";"289278947";"1568321277139509249";"Fady_mufc";"Tears in my eyes ü•≤‚ù§Ô∏è
https://t.co/Fl0zy2YsB9";"0";"3256"
"448";"392304393";"1569742403250053125";"mcollingsy";"@CCumisky @RealRomfordPele Oh jesus....... üò≥";"0";"0"
"449";"1918386468";"1567022592426639360";"Picture7117";"@CryptoCapo_ absolutely";"2";"0"
"450";"232914180";"1574118371305689090";"bigmickey1";"@buff_egan A shoosh!! A shoosh! ü§´üòÇ";"0";"0"
"451";"3890598586";"1574326888755269632";"samvic997";"@Denreledave @vhic_tore @baddest_cash ü§ùü§ùü§ù";"1";"0"
"452";"19150701";"1574669741284892672";"MsiDouglas";"üî¥ Conservative MPs unhappy about Liz Truss‚Äôs leadership are planning to rebel in upcoming Commons votes, @theipaper‚Ä¶ https://t.co/smR3u2o0oE";"0";"5"
"453";"54699136";"1574724090946011136";"jvanassen";"@wtatr123 @c2c_Rail BusWanker";"0";"0"
"454";"26282442";"1574713872979836931";"Rickj2903";"@DHLManUtd Was it the year that we got the #GlazersOut";"0";"0"
"455";"523340424";"1569658606034755585";"wizzy_jodeci";"@penzura_wacho On legend‚Ä¶ handina maweights kunge KVG";"1";"0"
"456";"456853545";"1574719767637696512";"ManUnited_24_7";"@jimmymcbride1 If prices crash it may offset the rise in interest rates for first time buyers but awful news for ex‚Ä¶ https://t.co/EEBJG9kLbk";"0";"0"
"457";"943044531649499136";"1574726849753915392";"omoiyaeleran95";"@rutie_xx Ruth is this playing üòá";"0";"0"
"458";"4785314105";"1558359301017804800";"Lawrenceabudha1";"@baino_brian Pessimism";"1";"0"
"459";"1025392780745555968";"1574724174890913792";"Capitano_1430";"üßµ Up to 12 Reds could feature on the international stage over the next 24 hours  ‚Äî good luck, lads! üí™üåç

#MUFC https://t.co/8RYPdI0gCW";"0";"288"
"460";"1540392928069070848";"1574730343235854336";"Kenshi_O_o";"@utdreport @EkstraBladet @Sport_Witness Also doesn't need anybody to UnLoCk him";"1";"0"
"461";"52141323";"1572637506679738369";"JacobGahamanyi";"Victimitis Excusitis https://t.co/unG8DX7hgY";"0";"0"
"462";"1303826896262590464";"1303826896262590464";"Al17061";NA;NA;NA
"463";"1519830427850227712";"1559921891271479296";"Trans4mationhub";"""We need your assistance in completing the survey and also sharing it wide and out in your circles, thank you.""‚Ä¶ https://t.co/KxMGuu42ji";"0";"1"
"464";"2726055447";"1556579304569556994";"owiro_ian";"‚ÄúWe can‚Äôt rewrite the past, only our future.‚Äù

@gchahal
‚ÄîGurbaksh Chahal

#DreamBigHustleHarder";"0";"35"
"465";"2776801089";"1574658783330340864";"jakeshaffi";"Eric Cantona hosts the Nike ‚ÄòSecret Tournament‚Äô in 2002

A classic advert üëè‚öΩÔ∏è

https://t.co/N10AH8kUYP";"0";"1119"
"466";"1239744523";"1239744523";"CharlieBTL";NA;NA;NA
"467";"5404732";"1574578568360763401";"alokagrawal";"""F-16 assistance to Pakistan not designed as a message to India: U.S. official""

Might be true, but it still sends‚Ä¶ https://t.co/flSpE8ZkCJ";"0";"425"
"468";"2279859100";"2279859100";"EdSellazzo";NA;NA;NA
"469";"330888820";"1574685643061440512";"MickyG72";"@jsmithlawyer Two more weeks in Europe and US for me....";"1";"0"
"470";"2909659836";"1574192112668909568";"criticalme15";"France embarrassed by Denmark after replacing Varane with Arsenal‚Äôs Mbappe of CBs, just thought I should let you know.";"0";"986"
"471";"387799912";"1566488833939628032";"ryandevine73";"https://t.co/Bm8wdWrNsK";"9";"0"
"472";"356955109";"1546374887589023744";"DMasanga";"@utdreport RVP";"1";"0"
"473";"293725728";"293725728";"salakan";NA;NA;NA
"474";"1290278357305888768";"1574523851861815296";"noone285912";"Alone we can do so little, together we can do so much https://t.co/GUq1gSX8iU";"0";"4367"
"475";"3387376979";"1559969561176379394";"utiberobert1";"https://t.co/sJspn2P7Zp";"0";"0"
"476";"1386095152054243328";"1574722516978847745";"Ftheglazers";"@The__1958 üö® NEW PODCAST: Exclusive Interview With @The__1958 

Sam + Alex sit down with 3 members of the 1958 for‚Ä¶ https://t.co/kV2efmkdDi";"0";"24"
"477";"2780021933";"1574722080935124992";"san_chooo10";"@sarahcronje Queens Park, akula lutho";"0";"0"
"478";"735057004906090496";"735057004906090496";"Mourinhostand";NA;NA;NA
"479";"464952028";"1574725922082766850";"MStewart0013";"@champmegasave @champman0102 Hmm. I would save a Save - copy and try the GK Editor. Check there is a match day set‚Ä¶ https://t.co/9Gd8iV5Hr0";"0";"0"
"480";"1299819595415642112";"1572695332223328258";"StrickMatthew";"¬£743m interest
¬£166m dividends 
¬£55m director remuneration
¬£23m management fees
¬£465m in Class A share sales
Plus ¬£‚Ä¶ https://t.co/YcpyI7Hl9p";"0";"338"
"481";"39049666";"1574027298575364097";"TheWetBandit";"When we promise to do something. We do it! 

This could be üß®
#GlazersOut https://t.co/U6twzjbak8";"0";"631"
"482";"192655843";"1570506923266678785";"portugalred";"@golferscbd Matt Fitzpatrick";"0";"0"
"483";"1528000411285737472";"1574686234722504704";"tenhag22";"@BillyMeredithMU @JonnyFX1 @UsmaanTU @terryflewers @Benji88Gregory @TheMoz_M Sticking up for pedos Johnny wowü§Æü§Æ";"0";"0"
"484";"1393478253462106112";"1574717159397527553";"jor68470345";"Glazers are still here so still #GlazersOut https://t.co/pMBrKWLJPq";"0";"56"
"485";"1538551777397727232";"1574663382019416064";"evomufc24";"Well what a glorious day it is today NOT absolutely smashing it down no wet gear the joys of industrial services";"1";"0"
"486";"538952888";"1571962191661731843";"djmeelin";"@Buntingfootball How was that a peno?thoughts";"0";"0"
"487";"1559295774290223104";"1570132586953068545";"IoRealr";"Credible stories growing that Sir Jim Ratcliffe is preparing to make the bid to buy Manchester United. The Glazers‚Ä¶ https://t.co/UxRya9gafl";"0";"1782"
"488";"222900558";"1574356741000728582";"abdulajmi";"#GlazersOut https://t.co/69e0KupvAg https://t.co/pXfIB0UqYA";"0";"0"
"489";"1204046809242513408";"1574729931262775297";"mrpounds12";"@TrollFootball You are 100 üíØ on point";"0";"0"
"490";"414017344";"1574655847099162624";"enehvictor70";"@LJOpeyemi2 @Chiamaka_Somtoo @GbenroAdegbola Oga go and sit down.
Which one is ethnic bigotry?
What she said is true";"0";"0"
"491";"117845061";"1571104007166492672";"jamesalanrobson";"Haaland in this City team is like Shearer would‚Äôve been in the United team of 96.";"3169";"246"
"492";"863624166";"1574036678934933504";"Ghanch11";"'The Indian-origin former Leicester city mayor said he had ‚Äúno doubt‚Äù that certain elements in Leicester linked wit‚Ä¶ https://t.co/hyjPFED1nT";"0";"10"
"493";"1163087328228888576";"1574130322740060163";"Raid808Raid";"@elzthewitch @behz_inga1995 i thought pancake day was yesterday...";"0";"0"
"494";"523668900";"1574175207434162176";"booji78";"37 years ago today, The Parents Music Resource Center's (P.M.R.C.) United States Senate hearing on music censorship‚Ä¶ https://t.co/e9vCSES3ah";"0";"130"
"495";"3320510525";"1574159284408963072";"gerarddaly761";"@sportbible @David_Smith82";"1";"0"
"496";"1144113001496289280";"1574711137362403331";"Leonard62976290";"Maguire NUNCA valeu ¬£80m, mas, nos primeiros anos do United, fez at√© boas temporadas.

Depois disso, tem feito p√©ss‚Ä¶ https://t.co/nZvFaHiOo5";"0";"17"
"497";"2420560255";"1562039712046583808";"PatrickHilton88";"https://t.co/8uss05OCfD";"0";"2475"
"498";"1066640141463314432";"1066640141463314432";"HarielTermilus";NA;NA;NA
"499";"1527629909463539712";"1527629909463539712";"StraightouttaSl";NA;NA;NA
"500";"273904821";"273904821";"nashyuk";NA;NA;NA
"501";"1012085050895200256";"1574506530514169856";"SteveKerrigan7";"@LizTruss_MP https://t.co/FLzvBo88mh";"0";"0"
"502";"320178721";"320178721";"BKMUFC";NA;NA;NA
"503";"2431959136";"2431959136";"Amanuel_10";NA;NA;NA
"504";"715839292430540800";"1574691836555206656";"tallest_u";"@UtdDistrict January will decide who will leave first btw you and telles, you and Maguire are part of Manchester United and England problems";"0";"1"
"505";"190358432";"1570668650713194496";"bryn_55";"@WrexhamFX @hulu Did @RMcElhenney and @VancityReynolds like the Welsh cakes though!?";"0";"0"
"506";"171060307";"171060307";"mufcbabu";NA;NA;NA
"507";"331051146";"1358571372029636611";"slinstone";"#MTNDEWMAJORMELON
216 bottles!";"0";"0"
"508";"2462884807";"1574034350307684352";"CarolGPV";"@WEAREUAGM @KieranMaguire Key performance indicators";"0";"0"
"509";"134529367";"1567620071039664134";"peo_99";"#Klopp_Out #GerrardIn";"0";"1"
"510";"1547569104038465536";"1574443694832615424";"Maestro806";"@BarcaUniversal Basically his body doesn‚Äôt like reductions the blonde bimbo has conveyed ü§£";"0";"0"
"511";"242077026";"1574717709236940800";"AdamCrafton_";"Eric Cantona said this last week, before Italy went on to elect a very right wing alliance over the weekend. And, w‚Ä¶ https://t.co/inuHyGcONc";"167";"26"
"512";"4908357172";"1574517223804502016";"83gaffer";"@Underc0verChris 100% buddy, it‚Äôs going to be grim, most people don‚Äôt have a clue, what‚Äôs about to happen and how s‚Ä¶ https://t.co/n1CdbXbHzb";"0";"0"
"513";"758380547441881088";"1569756744284344328";"Tyroneb1986";"@FFH_Fergi Thoughts please https://t.co/4HiGf2kGoj";"0";"0"
"514";"791351623";"1574728789862531080";"danish7868";"Ishaq Dar takes oath as a senator of the Islamic Republic of Pakistan after returning from London. RIP our democrac‚Ä¶ https://t.co/g7cqtPYFG2";"0";"575"
"515";"3182180168";"1574702455916441602";"ChinchillaBONKK";"„Éé„Éº„Éë„É≥„ÉÑ„Ç≤„Éº„Éû„Éº„Ç∫„ÅåÁµêÊàê„Åï„Çå„Çã„Åæ„Åß

#NPGWIN #„Åµ„ÅÜ„Çâ„Éº„Å®„ÄÄ#Artsuki #TatsuTalk #Ikenography #IkeStreamland https://t.co/aD2tjISVgk";"0";"1793"
"516";"1554254074668670976";"1574206555896967169";"SamuraiSusies";"@dailydirtnap They are hedging tool, you would like if it was making you a profit 
:$";"0";"0"
"517";"739726139514617856";"739726139514617856";"willgmcglynn";NA;NA;NA
"518";"843401185";"1480467704075403270";"bowwow927";"@syouzo_ @zama246riberty @photo_bikers „ÅÇ„Çä„Åå„Å®„ÅÜ„Åî„Åñ„ÅÑ„Åæ„Åó„Åüüôá‚Äç‚ôÇÔ∏èüôá‚Äç‚ôÇÔ∏è";"2";"0"
"519";"149371201";"149371201";"dedra_vinson";NA;NA;NA
"520";"70746514";"70746514";"cheinetwit";NA;NA;NA
"521";"19008800";"1571851700280893440";"MoselKatzter";"https://t.co/bmuDmbsgGg";"0";"0"
"522";"104911197";"1341135165729456133";"srhtqlfm";"Ve yine biz bize kalmƒ±≈ütƒ±k...üíõ‚ù§Ô∏è @GalatasaraySK";"0";"42912"
"523";"92258598";"1275161488236445698";"kingas13";"@dominiklada dziƒôkujemy za konkurs! a kiedy og≈Çoszenie wynik√≥w? ;)";"0";"0"
"524";"478447968";"1574357694915682309";"HarsAgarwal";"@cryptomishra19 @BitImmortal @KMTrading_SMC @mrRAJA1326 @RealCryptoAxe @ayushisingh277 Happy durga puja sirüôèüèª";"5";"0"
"525";"1450239313";"1450239313";"alex_pries";NA;NA;NA
"526";"2880412528";"1539341251874791424";"AnthonyAntorino";"@NFLonCBS Tom Brady‚Äôs daddy";"0";"0"
"527";"256094972";"1574381915796299776";"Aspenking12";"Bills outgained Dolphins 497-212!
3rd downs 67-%-38%
Josh Allen threw for 400 yds
Time of possession 40:40‚Äì19:20
He‚Ä¶ https://t.co/PAqtOkkjjv";"0";"247"
"528";"46661779";"1574729902133170176";"cas0527148";"@AdamParkhomenko Stop üõë";"0";"0"
"529";"254373463";"1571580134993416193";"jorgepaez12";"Hace 23 a√±os, Pontevedra estaba llena de coches. Hoy es un referente mundial en peatonalizaci√≥n y bienestar urbano.‚Ä¶ https://t.co/lEAhyIqpej";"0";"2152"
"530";"2399874356";"1348566287799246849";"tejsgrevstad";"With the addition of three new talented developers in January,¬† we are now a 10+ company and, more importantly, mak‚Ä¶ https://t.co/baZWUAtWH0";"2";"0"
"531";"1172152568379842560";"1172152568379842560";"bwdguidance";NA;NA;NA
"532";"1059229943429783552";"1573938961751617537";"ghazaliibashar";"‚óè„ÄãAsk Allah For Everything.ü§çüïä

‚óè„ÄãMust read.üñ§üåπ https://t.co/myFRax6QrP";"0";"343"
"533";"1472125412";"1472125412";"mgrocholski4";NA;NA;NA
"534";"1093578652011380736";"1565709686560653312";"sly_buford";"I was featured in South Florida Business Journal @SFBJNews on how we invest in and buy companies at Tenth Street Gr‚Ä¶ https://t.co/cV16aX3QkC";"0";"0"
"535";"1552401435664568320";"1567545839337324550";"dont_blink_Dom";"@typesfast @alexisohanian Should be deflationary, right?";"0";"0"
"536";"54557655";"1572336130095304705";"RayTadros";"Way to go ‚Å¶@alextadros17‚Å© and the Fideles Christian School Rangers! ‚Å¶@forsythnews‚Å©  https://t.co/4fPnonVNMi";"1";"1"
"537";"1725490818";"1509114607713107969";"xianwen_chen";"Very excited to see this paper out in print! As always it was a pleasure to work with Mikkel. Brief summary thread‚Ä¶ https://t.co/NrjdMa9YaR";"0";"33"
"538";"1260706852737650688";"1566512676091469824";"R_Chetanvegas";"@mathisstillfun D";"0";"0"
"539";"1613860848";"1613860848";"Residualking";NA;NA;NA
"540";"1558158424348696576";"1558158424348696576";"JoshLitch99";NA;NA;NA
"541";"1550790756696477696";"1550790756696477696";"ZunNuo_Official";NA;NA;NA
"542";"1713548640";"1572291178837737473";"bsr1265";"@DonSteinbrugge @advisorpedia Convertibles Don?";"1";"0"
"543";"31910902";"1572783782369042435";"hawkswin38";"Trump lawyers today üòÇüòÇ https://t.co/uaFrVfsuy1";"0";"0"
"544";"2420433501";"2420433501";"magic221967";NA;NA;NA
"545";"1526198392749277184";"1526198392749277184";"Tjm2188";NA;NA;NA
"546";"15771502";"1471279943585710081";"CoachKenHayes";"I just donated to @KhanAcademy. Join me in supporting a free, world-class education for anyone,  anywhere!‚Ä¶ https://t.co/Q6W9H6s8HI";"2";"0"
"547";"1557358242174570496";"1557358242174570496";"80WilliamOz";NA;NA;NA
"548";"1158774799847444480";"1573976114216968192";"MuhamadBusaeri3";"Verifying my Twitter account for my #GalxeID gid:cvdpfhagPFFKXCJKYLcMaB @GalxeHQ 

 https://t.co/txGglKyXg1";"0";"0"
"549";"1028963350485454848";"1574621891192848384";"TFattrik";"üö® $GMBT Giveaway üö®

Who doesn't like a giveaway? We're giving three random users 100 $GMBT to use on Staking contes‚Ä¶ https://t.co/RO27YpoyMJ";"0";"29"
"550";"862439521438367744";"1509909309022511114";"padsbbcllatan";"@HumanaSpain @cooperacion @RealidadesONG #HilosQueAbrigan";"2";"0"
"551";"1381940891514900480";"1381940891514900480";"cryptocurrenchi";NA;NA;NA
"552";"18639152";"1432241562084315137";"melissatoney";"@AtlasAirWW Way to go Atlas!! Proud to be connected to you!!";"0";"0"
"553";"1263295470";"1263295470";"dovahkiinn33";NA;NA;NA
"554";"1556634228762284032";"1556634228762284032";"DRTMSBT";NA;NA;NA
"555";"54920106";"1574513842985762816";"Joostdela";"https://t.co/DF8IryeR4H";"0";"81"
"556";"765425526030729216";"1466532875734454272";"the_tallen";"ON TO THE SEMIS!! #GoAgs @TheWWPA @NCAAWaterPolo_ https://t.co/Q3GId1f6XG";"0";"12"
"557";"1492811848735150080";"1574215435553153025";"JDLichaoZHU";"@schorselysees This is hilarious! Some people will definitely think you are being serious üòÇ";"0";"0"
"558";"507333123";"1557547930604560386";"tomaty_juicy";"Ëá™Êàí
„ÄåÊ≠¥Âè≤„ÇíÊåØ„ÇäËøî„Å£„Å¶„Åø„Å¶„ÇÇ„ÄÅÂÆåÁíß„Åß‰Ωï„ÇÇÂïèÈ°å„ÅåÁÑ°„ÅÑ„Å®ÊÄù„Çè„Çå„ÇãÊôÇ„ÅØ„Éî„Éº„ÇØ„ÅÆÊôÇ„Åß„ÅÇ„Çã„ÄÇ„Äç";"0";"0"
"559";"42063036";"1574068693016903680";"khanbaba007";"@salmanmasood I don‚Äôt understand why Asif was not sent instead of Khushdil. Bad Captaincy";"0";"0"
"560";"18416400";"1573794593316872192";"wsculley";"@pkan90 @KyleSamani Market too small to get fragmented further. 

Need more projects that gel together existing app‚Ä¶ https://t.co/wDY29rxeDa";"2";"0"
"561";"970985778";"1574604139275100160";"Brobyflanjoby";"@trader1sz Confirmation

https://t.co/Ptb3kpt0RD";"0";"1"
"562";"4818407285";"1574496108981538816";"grijisss";"@moverxyz #mover #aptos #LFM https://t.co/TBpg3sEbDC";"0";"0"
"563";"836654786200109056";"1502385345144528899";"Crypt8Optimist";"–í—ã –ø–æ–º–Ω–∏—Ç–µ, –∫–æ–≥–¥–∞ –∑–∞—Ä–µ–≥–∏—Å—Ç—Ä–∏—Ä–æ–≤–∞–ª–∏—Å—å –≤ –¢–≤–∏—Ç—Ç–µ—Ä–µ? –Ø –ø–æ–º–Ω—é! #–ú–æ—è–ì–æ–¥–æ–≤—â–∏–Ω–∞–í–¢–≤–∏—Ç—Ç–µ—Ä–µ https://t.co/lA1dw47aHT";"5";"1"
"564";"1869693349";"1574187043709915136";"cryptojoker123";"@RNR_0 These are panda bears with diabetes not grizzlies";"2";"0"
"565";"950773017050845184";"1573874767899369472";"ITam2018";"Without a doubt, it's #XRP time. #XRPHolders #Xrp #Cryptos";"0";"49"
"566";"1300993788702347264";"1574558943187173390";"TheYoungOldInv1";"I am pretty sure there are other ways to bring inflation down rather than destroy jobs and make people homeless ..‚Ä¶ https://t.co/JtwZlN1aN0";"0";"67"
"567";"1169111737431416832";"1574058005288689665";"mrcommonsenz";"@petergyang @NeoTax_savings  @aibrahima";"1";"0"
"568";"1522110689489592320";"1573726308307066881";"DigitalWealthMa";"Uofazcenteronaging .com sold for 9,300 usd at GoDaddy";"10";"0"
"569";"1314255254213529600";"1574423814314004480";"NumberOneBTC";"@milesdeutscher @MessariCrypto @BaixaEssaPorra";"0";"0"
"570";"3284654550";"3284654550";"lachlan_morley";NA;NA;NA
"571";"1520458196032253952";"1520458196032253952";"vwchris528";NA;NA;NA
"572";"1322817280347009024";"1574270272235966464";"BaViet6";"@axelarcore How to get AXL";"0";"0"
"573";"1478383768322945024";"1574511530925776900";"JonahJosemaria";"@imintrugs i don't think he saw your tweet about how much gas you've spent over the years... omo people be feeling‚Ä¶ https://t.co/s0KeVaiF2V";"1";"1"
"574";"1215003732125073408";"1566036994496552960";"SirAptos";"@TiquismiquisNFT @AptosMonkeys LFM!";"1";"0"
"575";"210730844";"1567480606652780546";"VINAYSOGANE";"@BSNL_KTK Submitted application for  BSNL Broadband connection at my home (Sogane, Shimoga Tq) 2 weeks back (as i d‚Ä¶ https://t.co/YIHen3MBhU";"1";"0"
"576";"1552565870978682880";"1562752976032497671";"BuildOnAptos";"#Aptos ecosystem 24h recap! üöÄ

@martian_wallet has now crossed 100,000 downloads and they are working with‚Ä¶ https://t.co/5Wq37pz3Jl";"0";"36"
"577";"3237739040";"1561325443382358016";"dadeoot";"ZetaChain is the first public L1 blockchain with built-in omnichain interoperability. Earn 5000 ZETA Points when yo‚Ä¶ https://t.co/hCLRISh6ZJ";"0";"0"
"578";"1380832411";"1380832411";"8petercooper";NA;NA;NA
"579";"95376505";"1559926576053383168";"van_ferdez";"Also, I‚Äôm buying Manchester United ur welcome";"0";"120785"
"580";"884020530944389120";"1573594920853684227";"aviationgal17";"@khloekardashian I wish you and I could be friends. Sending love and strength always!";"1";"0"
"581";"501955559";"1544460519679135744";"buster_jaime";"@ethanklapper @lesliejosephs Could it be the winner in this is actually JetBlue? With all the postponing, it become‚Ä¶ https://t.co/kQLNtR2k10";"0";"0"
"582";"232998466";"1571802642648633345";"deaconredux";"Somewhere, Donald Trump is furiously scribbling notes.";"0";"0"
"583";"486267105";"486267105";"p_lo_green";NA;NA;NA
"584";"529177341";"1561303775515619330";"rupj123";"ZetaChain is the first public L1 blockchain with built-in omnichain interoperability. Earn 5000 ZETA Points when yo‚Ä¶ https://t.co/dgRM1gbbtA";"0";"0"
"585";"963690127783538688";"1574692644466610178";"annbaron247";"üåüLearnt something new?üåü

Likeüëç
Retweet‚ôªÔ∏è
Share‚Ü™Ô∏è
Follow @PrudentSammy for moreüõé";"0";"9"
"586";"46653298";"1573294468933029888";"random1capital";"FUNDSTRAT: Volcker‚Äôs war on inflation ‚Äúended when 3M annualized CPI fell to 2.5% .. 3M annualized CPI might fall be‚Ä¶ https://t.co/p1B30ZTOkC";"0";"27"
"587";"2415816598";"1146080867829321731";"glob324";"@LGUS LG frig broke. Your customer service canceled my 1st repair visit and sent the 2nd to the wrong house 1,000 m‚Ä¶ https://t.co/bOeTrnello";"0";"0"
"588";"4440551074";"1240052874513702912";"MikeDNCairo";"So I‚Äôm hearing many myths about #COVID-19 and would like to quickly clear the record. 

Coronavirus will go away in‚Ä¶ https://t.co/jcjVuRzrYA";"0";"86505"
"589";"90570778";"1574134293474983936";"ZachBoychuk";"I didn‚Äôt want salmon! I said it 4 times!  https://t.co/BWaBzPAjUQ";"163";"10"
"590";"1520316094044512256";"1551419823275462657";"Senchains";"@Rekt_Tekashi https://t.co/hr0Jxf30a4";"1";"0"
"591";"1554539094986080256";"1574486231450165248";"MomentumSafe";"@PontemNetwork @EconiaLabs @nft_souffl3 @hippolabs__ 
 excited to work together on integrations! @zellic_io";"4";"0"
"592";"235392829";"235392829";"MrMeowMixx";NA;NA;NA
"593";"519334033";"1574396852501303296";"ronaldboege";"@enjoyoor When yoga ?";"0";"0"
"594";"1248646336041418752";"1574256156968734721";"Blackpanther918";"@KD_Osewa @space_cadetxxx @Shege_Dey4U @koladeSZN @ToyosiGodwin @Preciousbalogu9 @imoteda Good u did bro";"0";"0"
"595";"452999360";"1567483495873744896";"Tiry4q_s3curi7y";"How many bots replies can I get here?

Support, help, assistance, MetaMask,Bitcoin,MEV,Solana Trust Wallet, Phantom‚Ä¶ https://t.co/obtYGMY3Mz";"3";"1"
"596";"1264442962995548160";"1574620887546040320";"Cluo22855906";"@IamDapo Thanks for the update boss #mentor üí∏üí∏üíµ";"0";"0"
"597";"1310628807855017984";"1574720505692979205";"Amir_Taghavi_";"@mehdizxx Ÿàÿßÿ≥Ÿá ŸÖŸÜŸÖ ŸàÿµŸÑ ŸÜŸÖ€åÿ¥Ÿá ÿßŸÖÿ±Ÿàÿ≤";"2";"0"
"598";"1400288614618222592";"1564707909673574401";"oneivavax";"Set a reminder for my upcoming Space! 
We will be announcing the winners of our community awards!
@AvaxApesNFT‚Ä¶ https://t.co/0cAJJwyRGj";"0";"19"
"599";"894955383235633152";"1574438557095440386";"AyushGa93980631";"Must watch! India üáÆüá≥ has a story to tel!

In 18th century, India accounted for about a quarter of global GDP. Colon‚Ä¶ https://t.co/1HUWilZg5r";"0";"1691"
"600";"28115071";"1574724307997048832";"Air_Cargo_News";"IATA, together with Etihad Airways, will trial a CO2 emissions calculation tool specifically developed for cargo fl‚Ä¶ https://t.co/5Y20GjxOwN";"1";"0"
"601";"1366468520133881856";"1574718629861523456";"dantesmiracle";"[DB] Powell Speaking on Digital Currency in ~15 mins

https://t.co/qdw3eYXVlj";"0";"107"
"602";"999091698998231040";"1573153349956153345";"Lydialei3";"GM #Web3.0 https://t.co/pXW1huk6aY";"27";"0"
"603";"2161676167";"1570311075492687872";"Giacomo_Seba";"And we finalized!

Happy merge all. This is a big moment for the Ethereum ecosystem. Everyone who helped make the m‚Ä¶ https://t.co/YnXIuEESKQ";"0";"47959"
"604";"1529326657169162240";"1574447548789465088";"0xKarson";"Heads up that Kamino launched 3 blue-chip Vaults on Friday, with &lt;40% capacity left across all 3üëÄ

( $SOL vault get‚Ä¶ https://t.co/lt9UgfMivv";"0";"7"
"605";"1021403620959563776";"1574461903816249349";"0hmyluck";"üî• Most-searched #ERC20 Projects on CoinMarketCap Last 7D

üèÖ$BABYDOGE @babydogecoin
üèÖ$SHIB @shibtoken
üèÖ$ETH‚Ä¶ https://t.co/JiMIVHOcho";"0";"64"
"606";"945646365861916672";"1555118487781183489";"cha_nikos";"@kouloumos Œ©œÅŒ±ŒØŒøœÇ œÅŒµ ŒºœÄŒ±ŒºœÄŒø ü•≥";"1";"0"
"607";"3363858916";"1574234863917535233";"cmony_koren";"@Coredao_Org AMA ni problem oo
Cos I have strategized how to spend my first 50million";"3";"0"
"608";"1306884406557265920";"1567048048903159808";"CryptoCryptAlex";"Learn Programming languages for FREE:

Java : @javatpointfans is FREE
Python : https://t.co/vGO2YaRlSn is FREE
Go :‚Ä¶ https://t.co/YB1AJaJwro";"0";"1711"
"609";"284430851";"1574490617706868736";"ebimohamadi63";"Check out my swap on @odosprotocol - the ultimate DEX aggregator that offers multi-token inputs, sophisticated rout‚Ä¶ https://t.co/IfNIYSQKUk";"0";"0"
"610";"1374229357284134912";"1572920165305839617";"JaylatThe";"@luuminize @stapleverse üòçüòçüòç";"0";"0"
"611";"3870861861";"1560613113396953088";"crypto_nomad2";"@Shaquil32onil ⁄©ŸÑÿßŸáÿ®ÿ±ÿØÿßÿ±Ÿá ⁄ØŸàŸÑ ŸÜÿÆŸàÿ±€å . ŸàŸÑÿ™ÿ™Ÿà ÿÆÿßŸÑ€å ŸÖ€å⁄©ŸÜŸá";"1";"0"
"612";"1084865374586372096";"1574725662363222017";"0xhamed";"Bit islands brand name officially upgrades to https://t.co/mVYHi7LElx

Bi¬∑search, Bi¬∑DiD, Bi¬∑group have been added‚Ä¶ https://t.co/vqMXfSSyKD";"0";"2456"
"613";"311054289";"311054289";"FrostyCakesMar";NA;NA;NA
"614";"868486565953196032";"1571562721363251202";"cryptobonaparte";"ü§ùü´° https://t.co/RoFI34XD6H";"6";"2"
"615";"1178628082237755392";"1574731047539191809";"sododsss";"I believe this is a faithful project. The projector has a lot of attractions so hopefully the project will be bette‚Ä¶ https://t.co/Vi13iuvtfi";"0";"0"
"616";"958391410159308800";"1574729681047527424";"rpkarantheth";"I just voted ""Yes, please give me airdrop"" on ""Airdrop the Derify Protocol governance token, eDRF, to the zksyncdao‚Ä¶ https://t.co/Di5hae985m";"0";"0"
"617";"1343640818";"1574164654569697280";"DarDerDyor";"We get told a lot that @MessariCrypto is known for its research reports. This is true, our research is top-notch an‚Ä¶ https://t.co/m49blqSYwO";"0";"158"
"618";"1219828240388222976";"1494830708787134467";"s_yougu";"based kraken ceo https://t.co/R7Uk75Cm3h";"0";"106"
"619";"1362804444589477888";"1574413782234804225";"0X18STARK";"We're launching a Challenge inspiring to explore @CairoLang!
**‚ú®¬†17 days of Cairo Lang with Newton. ‚ú®**‚Ä¶ https://t.co/J8IWiVANPZ";"0";"30"
"620";"1433717903086391296";"1573949900135727105";"Vagabond202020";"CHIKN GUNNA GIVE IT TO YA ü•ö https://t.co/AOiua8bFch";"0";"4"
"621";"312538322";"1573417535655100434";"sphera_eth";"SORCE AND BEYOND! https://t.co/VLfYwkomYC";"0";"2"
"622";"1399593804";"1399593804";"Nuno_M_M_M";NA;NA;NA
"623";"1096734113493671936";"1574679376469397504";"Ogunley77838151";"@IEzzy17 vQYhELx97DnGj4aeRrYMnXFsayNro1V62KPzUqcSyBd";"0";"0"
"624";"1343840716045361152";"1574725159461818369";"dezentraman";"ÿÆÿ®ÿ±ŸÜ⁄Øÿßÿ±ÿßŸÜ ÿØŸÜ€åÿß ÿµÿ®ÿ≠ ÿ®Ÿá ÿµÿ®ÿ≠ ÿ®ÿß ⁄Ü⁄© ⁄©ÿ±ÿØŸÜ ÿ™ÿ±ŸÜÿØŸáÿß Ÿà Ÿáÿ¥ÿ™⁄Ø‚ÄåŸáÿß ÿ™ŸàŸÑ€åÿØ ŸÖÿ≠ÿ™Ÿàÿß ŸÖ€å‚Äå⁄©ŸÜŸÜ.
€åÿπŸÜ€å ŸÖ€å‚Äåÿ®€åŸÜ€åŸÜ ÿßŸÖÿ±Ÿàÿ≤ ÿ®ÿ≠ÿ´ ÿßÿµŸÑ€å ⁄Ü€åÿ≥ÿ™ Ÿà ÿßÿ≤ ŸáŸÖ‚Ä¶ https://t.co/yl6AwcxhDU";"0";"1885"
"625";"161031723";"1573742128286646272";"dns_vaga";"Ÿáÿ± ÿ±⁄ò€åŸÖ ÿ™ÿ±Ÿàÿ±€åÿ≥ÿ™€å ÿØÿ± ÿ¨ŸáÿßŸÜ ÿßÿ≤ ÿßŸÜÿ≤Ÿàÿß ÿ®ÿ±ÿß€å ÿ¥⁄©ÿ≥ÿ™ŸÜ ÿ±Ÿàÿ≠€åŸá ŸÖÿ±ÿØŸÖ ÿßÿ≥ÿ™ŸÅÿßÿØŸá ŸÖ€å ⁄©ŸÜÿØ.

ÿ™ŸÜŸáÿß ÿ±ÿßŸá€å ⁄©Ÿá ŸÖÿ±ÿØŸÖ ÿß€åÿ±ÿßŸÜ ŸÖ€å ÿ™ŸàÿßŸÜŸÜÿØ ŸàÿßŸÇÿπÿßŸã ÿÆ‚Ä¶ https://t.co/iwNcD3JOIl";"0";"808"
"626";"3006182061";"1573829862812516353";"M_A_Russo";"Now do @FordHarrisonAir https://t.co/fa7n5Gwqg9";"3";"1"
"627";"1516315464078606336";"1568289756592885761";"Oluwaseyi2221";"As you know we are participating in the #hackathon - #Solana Summer Camp, if you want to know and support our proje‚Ä¶ https://t.co/0n77PHHGAH";"0";"282"
"628";"212519901";"1549719174146134019";"CedricVanDuffel";"@EvgenyGaevoy Same lol - brotherhood is a masterpiece";"3";"0"
"629";"207688017";"207688017";"NLoftus20";NA;NA;NA
"630";"1455781552999178240";"1573135598655000576";"PhngNguynthan10";"@Mick_Contentos @contentosio Can you write about SBT, a way understand than easy";"1";"0"
"631";"990039208801660928";"1574542301379981312";"dungdu0ng";"@joepegsnft @Assethas @CreedHyenas ü´°";"0";"0"
"632";"1184091016942542848";"1184091016942542848";"DominikWaitsch1";NA;NA;NA
"633";"1010858168799449088";"1574708021657214978";"coomwah";"@Vertumne1 Dans un cas, il s'agit de fuir la guerre, et dans l'autre d'√©chapper √† une mobilisation.
Se faire tuer s‚Ä¶ https://t.co/42l0wijIYl";"0";"1"
"634";"773588556849745920";"1564443777124782084";"Rahul_Mahtani";"1/ Jump Pit presents: 

xHack, the premier xChain Hackathon by @wormholecrypto 

We‚Äôre excited to have Wormhole hos‚Ä¶ https://t.co/SWO8UhIZtH";"0";"10"
"635";"25840609";"25840609";"bbuch89";NA;NA;NA
"636";"431960925";"1437619186889629700";"kevinmacios";"We Got D√©j√† vu

@JoeyB ‚û°Ô∏è @Real10jayy__ 

üì∫ FOX https://t.co/EBZPl0Y79j";"0";"5260"
"637";"1500128288118910976";"1574722120759713794";"Skip885";"@bgmasters IRS agents bring in more money for the government which can lead to more ICE agents.";"0";"0"
"638";"858306686";"858306686";"jkmizak";NA;NA;NA
"639";"350584736";"350584736";"AnkitShah18";NA;NA;NA
"640";"1528887506";"1574729933964058624";"MayowaAkinwunmi";"@stratosnft @arbitrum @quixotic_io Amazing";"0";"0"
"641";"1553532313207599104";"1553532313207599104";"mmtm_lab";NA;NA;NA
"642";"1264233092140511232";"1501405331850772481";"TrevorM24674970";"Retweet if you want Joe Biden to restart construction of the Keystone pipeline.";"0";"16502"
